index,Player,NBA_DraftNumber,Salary,Signed Using,Guaranteed,Age,Tm,G,MP,PER,TS%,3PAr,FTr,ORB%,DRB%,TRB%,AST%,STL%,BLK%
0,Zhou Qi,43,"$815,615",MLE,"$815,615",22,HOU,16,87,0.6,0.303,0.593,0.37,6.5,16.8,11.7,1.5,1.1,6.8
1,Zaza Pachulia,42,"$3,477,600",,"$3,477,600",33,GSW,66,937,16.8,0.608,0.004,0.337,11,25,18.5,15.4,1.9,1.3
2,Zach Randolph,19,"$12,307,692",Cap space,"$24,000,000",36,SAC,59,1508,17.3,0.529,0.193,0.14,7,23.8,15,14.9,1.4,0.6
3,Zach LaVine,13,"$3,202,217",1st Round Pick,"$3,202,217",22,CHI,24,656,14.6,0.499,0.346,0.301,1.4,14.4,7.7,18.6,1.8,0.5
4,Zach Collins,10,"$3,057,240",1st Round Pick,"$6,686,160",20,POR,62,979,8.2,0.487,0.387,0.146,4.9,18.3,11.7,7.3,0.8,2.5
5,Yogi Ferrell,62,"$1,312,611",Minimum Salary,"$1,312,611",24,DAL,79,2238,11.5,0.543,0.489,0.141,1.3,11.3,6.1,13.3,1.4,0.3
6,Xavier Silas,62,"$74,159",,$0,30,BOS,2,7,-4.9,0,0.667,0,15.9,15.4,15.7,0,7.2,0
7,Xavier Rathan-Mayes,62,"$46,080",,$0,23,MEM,5,118,0.9,0.315,0.333,0.214,0,5,2.5,23.2,2.6,2.4
8,Xavier Munford,62,$0,,$0,25,MIL,6,21,-2.1,0.218,0.333,0.333,5.6,0,2.8,24.7,2.4,0
9,Wilson Chandler,23,"$12,016,854",,"$12,016,854",30,DEN,70,2200,11.1,0.543,0.39,0.186,5,14,9.5,9.7,0.9,1.4
10,Willy Hernangomez,35,"$1,435,750",Cap Space,"$2,980,701",23,TOT,45,430,20.6,0.592,0.075,0.555,13.6,25.2,19.3,11,1.8,2.8
11,Willy Hernangomez,35,"$1,435,750",Cap Space,"$2,980,701",23,CHO,19,197,25,0.589,0.092,0.815,17.2,29.8,23.4,7.1,2,3
12,Willy Hernangomez,35,"$1,435,750",Cap Space,"$2,980,701",23,NYK,26,233,16.9,0.595,0.062,0.346,10.5,21.3,16,14.4,1.7,2.6
13,Willie Reed,62,"$1,577,230",,"$1,577,230",27,LAC,39,419,19.4,0.669,0.017,0.458,9.3,21.9,15.7,3.3,1,4.4
14,Willie Reed,62,"$1,577,230",,"$1,577,230",27,TOT,42,428,19.2,0.671,0.017,0.455,9.1,21.7,15.5,3.6,1,4.3
15,Willie Reed,62,"$1,577,230",,"$1,577,230",27,DET,3,9,8.7,1,0,0,0,12.5,6.1,15.9,0,0
16,Willie Cauley-Stein,6,"$3,704,160",1st round pick,"$8,401,035",24,SAC,70,1943,17.1,0.523,0.017,0.32,7.2,21.7,14.1,13.5,1.9,3.1
17,Will Barton,40,"$3,533,333",Bird Rights,"$3,533,333",27,DEN,77,2530,15.9,0.557,0.409,0.221,2.9,14.2,8.6,18.5,1.6,1.6
18,Wesley Matthews,62,"$17,884,176",Cap Space,"$17,884,176",31,DAL,63,2131,11.4,0.541,0.577,0.145,1.4,9.1,5.2,12.3,1.8,0.7
19,Wesley Johnson,4,"$5,881,260",Cap Space,"$5,881,260",30,LAC,70,1422,9.8,0.512,0.484,0.157,2.1,14,8.1,5.3,2.5,3.6
20,Wesley Iwundu,33,"$1,050,000",,"$2,428,242",23,ORL,58,902,7.6,0.464,0.205,0.215,4,11.8,7.9,7.9,1.7,1
21,Wayne Selden,62,"$1,312,611",,"$2,085,087",23,MEM,35,692,11.8,0.551,0.454,0.219,2.6,6.9,4.7,16.1,1.3,0.7
22,Wayne Ellington,28,"$6,270,000",Cap Space,"$6,270,000",30,MIA,74,1962,12.1,0.582,0.83,0.113,1.2,10.9,6.1,6,1.3,0.3
23,Wade Baldwin,17,"$1,874,400",,"$1,874,400",21,POR,4,29,17,0.73,0.143,1.286,0,18.6,9.4,10.7,0,0
24,Vince Hunter,62,"$50,000",,"$50,000",23,MEM,4,7,35.9,0.6,0,0,32.3,17,24.8,0,0,13.4
25,Vince Carter,5,"$8,000,000",Cap space,"$8,000,000",41,SAC,55,971,10.6,0.519,0.584,0.126,1.9,14.9,8.1,9.3,2.1,2.5
26,Victor Oladipo,2,"$21,000,000",1st Round Pick,"$84,000,000",25,IND,72,2471,23.1,0.576,0.324,0.28,2.1,15.1,8.7,21,3.4,2
27,Vander Blue,62,"$50,000",,"$50,000",25,LAL,5,45,-1.8,0.255,0.4,0.4,0,2.4,1.2,8.1,1.1,0
28,Udonis Haslem,62,"$2,328,652",Minimum Salary,"$2,328,652",37,MIA,14,72,1.8,0.252,0.533,0.133,4.7,10.9,7.8,9.2,0,2.4
29,Tyus Jones,24,"$1,471,382",1st Round pick,"$3,915,435",21,MIN,78,1404,14.1,0.574,0.372,0.247,1.3,9.4,5.3,20.9,3.2,0.4
30,Tyson Chandler,2,"$13,000,000",Cap Space,"$26,585,000",35,PHO,46,1151,14.3,0.657,0,0.503,12.2,26.9,19.4,6.6,0.7,1.9
31,Tyrone Wallace,60,$0,,$0,23,LAC,26,732,10.6,0.519,0.156,0.332,2.6,11.5,7.1,11.5,1.6,1.5
32,Tyreke Evans,4,"$3,290,000",Bi-annual Exception,"$3,290,000",28,MEM,52,1607,21.2,0.561,0.354,0.258,3.1,16.3,9.5,31.5,1.8,1
33,Tyler Zeller,17,"$1,709,538",,"$1,709,538",28,MIL,20,322,17,0.58,0.022,0.189,14.4,18.6,16.5,7.4,1.1,3.2
34,Tyler Zeller,17,"$1,709,538",,"$1,709,538",28,TOT,62,1025,15.9,0.585,0.088,0.241,11,19.6,15.2,6.8,0.7,2.5
35,Tyler Zeller,17,"$1,709,538",,"$1,709,538",28,BRK,42,703,15.4,0.587,0.114,0.262,9.4,20,14.6,6.5,0.6,2.2
36,Tyler Ulis,34,"$1,312,611",Cap Space,"$1,312,611",22,PHO,68,1563,9.7,0.459,0.267,0.183,1.5,6.8,4.1,27.5,2,0.3
37,Tyler Lydon,24,"$1,579,440",1st Round Pick,"$3,454,080",21,DEN,1,2,0,,,,0,0,0,0,0,0
38,Tyler Johnson,62,"$5,881,260",Cap Space,"$25,126,630",25,MIA,69,1964,13,0.55,0.46,0.186,1.8,11.5,6.6,12.3,1.4,1.4
39,Tyler Ennis,18,"$1,524,305",Minimum Salary,"$1,524,305",23,LAL,50,584,10.4,0.459,0.265,0.108,2.9,11.6,7.3,21.9,1.9,1.4
40,Tyler Dorsey,41,"$815,615",Minimum Salary,"$2,193,857",21,ATL,53,897,9.3,0.478,0.52,0.157,2.1,13.2,7.7,13.2,0.9,0.4
41,Tyler Cavanaugh,62,"$679,919",Two-Way Converted,"$729,919",23,ATL,39,518,13,0.567,0.586,0.138,9.7,17.7,13.7,7.9,0.8,0.7
42,Troy Williams,62,"$1,471,382",,"$2,085,087",23,TOT,21,307,15.2,0.544,0.349,0.275,8,14.8,11.4,7.8,3.2,1.1
43,Troy Williams,62,"$1,471,382",,"$2,085,087",23,NYK,17,290,16.2,0.572,0.33,0.27,8.1,14.5,11.3,7.7,3.2,1.2
44,Troy Williams,62,"$1,471,382",,"$2,085,087",23,HOU,4,17,-2.4,0.242,0.556,0.333,6.7,19.8,13.3,8.5,2.9,0
45,Troy Daniels,62,"$3,408,520",Cap Space,"$6,667,060",26,PHO,78,1609,10,0.585,0.798,0.112,0.8,7.7,4.2,4.6,0.7,0.3
46,Tristan Thompson,4,"$16,400,000",Bird Rights,"$52,408,695",26,CLE,49,1017,13.7,0.573,0,0.349,13.3,23.6,18.5,4.2,0.8,1.4
47,Trey McKinney-Jones,62,"$46,080",,$0,27,IND,1,1,0,,,,0,0,0,0,0,0
48,Trey Lyles,12,"$2,441,400",1st round pick,"$5,805,649",22,DEN,70,1366,18,0.589,0.398,0.267,4.5,23.8,14.2,10.1,1.1,2.1
49,Trey Burke,9,"$784,160",Minimum Salary,"$784,160",25,NYK,32,648,22.8,0.576,0.262,0.133,2.1,8,5.1,38.1,1.5,0.5
50,Trevor Booker,23,"$9,125,000",,"$9,125,000",30,TOT,64,1085,14.8,0.563,0.089,0.275,10.8,18.7,14.8,11,1.2,1.5
51,Trevor Booker,23,"$9,125,000",,"$9,125,000",30,PHI,33,494,14.6,0.618,0.064,0.358,10.7,15.8,13.3,7.6,1.6,1.9
52,Trevor Booker,23,"$9,125,000",,"$9,125,000",30,BRK,18,395,15.5,0.536,0.08,0.287,10.1,22.1,16,16.3,1,0.9
53,Trevor Booker,23,"$9,125,000",,"$9,125,000",30,IND,13,196,13.8,0.524,0.158,0.088,12.8,19.5,16.2,8.6,0.8,1.8
54,Trevor Ariza,43,"$7,420,912",Bird Rights,"$7,420,912",32,HOU,64,2179,12.1,0.573,0.713,0.143,1.7,13,7.4,6.9,2.1,0.5
55,Treveon Graham,62,"$1,312,611",Minimum Salary,"$1,312,611",24,CHO,63,1050,9,0.553,0.439,0.267,4.2,8.3,6.2,7.9,1.5,0.2
56,Travis Wear,62,"$148,318",,$0,27,LAL,13,172,9.8,0.562,0.719,0.14,0,18.5,9.3,3.3,0.8,1.9
57,Torrey Craig,62,$0,,$0,27,DEN,35,586,10.3,0.549,0.406,0.263,7.5,15.8,11.6,5.3,0.8,1.6
58,Tony Snell,20,"$9,821,429",Cap space,"$31,821,429",26,MIL,71,1955,8.4,0.584,0.63,0.116,0.5,7.3,4,6.5,1.2,1.1
59,Tony Parker,28,"$15,453,126",Bird Rights,"$15,453,126",35,SAS,52,1020,13.1,0.499,0.094,0.198,0.6,9.3,4.9,29,1.4,0.1
60,Tony Bradley,28,"$1,414,920",1st Round Pick,"$3,094,440",20,UTA,9,29,9.5,0.337,0.091,0.182,15.9,27.2,21.6,5,0,0
61,Tony Allen,25,"$2,116,955",,"$2,116,955",36,NOP,22,273,8.7,0.514,0.132,0.231,8.2,10.4,9.4,4.6,1.9,0.9
62,Tomas Satoransky,32,"$3,000,000",Cap Space,"$6,129,187",26,WAS,69,1535,15.4,0.618,0.265,0.27,4.7,11,7.8,25.1,1.6,0.8
63,Tobias Harris,19,"$16,000,000",Bird Rights,"$30,800,000",25,TOT,76,2546,17.4,0.569,0.369,0.178,2.4,15.6,8.9,11.6,1.3,1.1
64,Tobias Harris,19,"$16,000,000",Bird Rights,"$30,800,000",25,LAC,28,983,18.4,0.576,0.336,0.157,2.3,16.5,9.5,14.2,1.6,1.6
65,Tobias Harris,19,"$16,000,000",Bird Rights,"$30,800,000",25,DET,48,1563,16.7,0.564,0.389,0.192,2.5,15,8.6,10,1.1,0.8
66,Timothe Luwawu-Cabarrot,24,"$1,386,600",1st Round pick,"$2,931,551",22,PHI,52,807,7,0.511,0.592,0.217,1.9,7.5,4.8,9.4,0.7,0.5
67,Timofey Mozgov,62,"$15,280,000",Cap Space,"$48,000,000",31,BRK,28,339,10.2,0.589,0.212,0.294,8.7,18.7,13.6,3.6,0.7,2.4
68,Tim Quarterman,62,$0,,$0,23,HOU,2,6,13.6,0.5,0.5,0,0,37.4,18.8,26,0,0
69,Tim Hardaway,24,"$16,500,000",Cap space,"$51,975,000",25,NYK,56,1856,14.4,0.531,0.476,0.209,1.9,11.2,6.6,12.5,1.6,0.5
70,Tim Frazier,62,"$2,000,000",Room exception,"$2,000,000",27,WAS,56,807,11.2,0.477,0.335,0.183,2.5,12.7,7.7,31.4,2.6,0.8
71,Thon Maker,10,"$2,684,160",1st Round pick,"$5,483,880",20,MIL,71,1205,10.5,0.502,0.326,0.293,7.3,14.4,10.9,5.3,1.6,3.7
72,Thomas Bryant,42,"$815,615",Minimum Salary,"$815,615",20,LAL,11,34,7.7,0.473,0.556,0.667,3.2,15.6,9.4,7.8,0,0
73,Thaddeus Young,12,"$14,796,348",Bird Rights,"$14,796,348",29,IND,78,2544,14.7,0.528,0.212,0.104,7.9,14.1,11.1,8.4,2.5,1.2
74,Thabo Sefolosha,13,"$5,250,000",Cap space,"$5,250,000",33,UTA,38,806,15.9,0.591,0.35,0.225,4.1,18.5,11.4,6.4,3.2,1.3
75,Terry Rozier,16,"$1,988,520",1st round pick,"$5,038,910",23,BOS,77,1980,15.4,0.524,0.499,0.188,3.4,16.2,9.9,17,2,0.7
76,Terrence Ross,8,"$10,500,000",Rookie scale extension,"$21,000,000",26,ORL,22,576,10.3,0.515,0.48,0.198,1.9,11.6,6.7,8.9,2.3,1.2
77,Terrance Ferguson,21,"$1,785,000",1st Round Pick,"$3,903,840",19,OKC,59,728,7,0.532,0.692,0.063,2.8,3.9,3.3,3.2,1.6,1.2
78,Taurean Waller-Prince,12,"$2,422,560",1st Round pick,"$4,949,400",23,ATL,79,2359,12.3,0.544,0.463,0.184,2.2,15.4,8.8,13.4,1.7,1.5
79,Tarik Black,62,"$3,290,000",Bi-annual Exception,"$3,290,000",26,HOU,48,474,14.9,0.589,0.078,0.478,14.4,19.9,17.1,3.8,2.1,4.7
80,Taj Gibson,26,"$14,000,000",Cap space,"$28,000,000",32,MIN,78,2613,15.4,0.615,0.05,0.253,8,16.5,12.2,5.3,1.1,1.8
81,T.J. Warren,14,"$3,152,931",1st Round Pick,"$50,152,931",24,PHO,65,2142,17.7,0.541,0.085,0.24,6.1,10.6,8.3,7.2,1.5,1.5
82,T.J. McConnell,62,"$1,471,382",Minimum Salary,"$1,471,382",25,PHI,72,1651,12.3,0.546,0.148,0.096,2.4,11.5,7.1,24.7,2.6,0.6
83,T.J. Leaf,18,"$2,028,360",1st Round Pick,"$4,435,920",20,IND,50,428,10.5,0.554,0.322,0.099,6.9,13.4,10.2,2.6,0.6,0.8
84,Steven Adams,12,"$22,471,910",1st Round Pick,"$100,000,000",24,OKC,73,2390,20.8,0.628,0.003,0.397,16.9,13.9,15.5,5.5,1.9,2.9
85,Sterling Brown,46,"$815,615",MLE,"$2,193,857",22,MIL,51,728,9.5,0.513,0.44,0.126,4.2,17.6,10.9,4.6,2.1,1.3
86,Stephen Curry,7,"$34,682,550",Bird Rights,"$201,158,790",29,GSW,51,1631,28.2,0.675,0.58,0.35,2.7,14.4,8.9,30.2,2.4,0.4
87,Stanley Johnson,8,"$3,097,800",1st round pick,"$7,038,202",21,DET,65,1773,9.1,0.483,0.418,0.264,1.8,13.2,7.4,8.2,2.6,0.6
88,Spencer Dinwiddie,38,"$1,524,305",Minimum Salary,"$1,524,305",24,BRK,77,2217,16,0.526,0.508,0.323,1.9,10.3,6.1,35.1,1.4,0.8
89,Solomon Hill,23,"$12,236,535",Cap Space,"$38,248,244",26,NOP,8,127,6.8,0.385,0.563,0.125,4.4,12.4,8.6,16.9,1.5,0.6
90,Skal Labissiere,28,"$1,312,611",1st Round pick,"$2,857,562",21,SAC,60,1240,14.3,0.513,0.111,0.258,8.7,18.2,13.2,9.1,1,3.7
91,Sindarius Thornwell,48,"$815,615",MLE,"$2,193,857",23,LAC,69,1059,8.1,0.517,0.262,0.383,3.2,10.1,6.7,7,2.1,1.8
92,Shelvin Mack,34,"$6,000,000",Cap space,"$6,000,000",27,ORL,65,1283,13.7,0.526,0.332,0.244,1.9,11.9,6.8,29.3,1.9,0.5
93,Shaun Livingston,4,"$7,692,308",Bird Rights,"$18,000,000",32,GSW,68,1081,11.6,0.539,0.012,0.176,3.6,8.9,6.4,16.5,1.5,1.5
94,Shaquille Harrison,62,"$92,160",,$0,24,PHO,20,291,15.2,0.534,0.221,0.347,2.5,16.5,9.4,18.1,3.5,1.9
95,Shane Larkin,18,"$1,524,305",Minimum Salary,"$1,524,305",25,BOS,50,686,10.2,0.506,0.387,0.17,2,10.1,6.1,16.3,1.8,0.2
96,Shabazz Napier,24,"$2,361,360",1st Round Pick,"$2,361,360",26,POR,70,1455,14.5,0.553,0.414,0.268,1.8,9.9,5.9,15.1,2.7,0.8
97,Shabazz Muhammad,14,"$1,577,230",,"$1,577,230",25,MIL,9,84,32.7,0.638,0.122,0.163,7.1,22.4,14.7,17.5,2.4,1
98,Shabazz Muhammad,14,"$1,577,230",,"$1,577,230",25,TOT,41,385,14.4,0.5,0.147,0.229,6,14,10,6.4,1.2,0.7
99,Shabazz Muhammad,14,"$1,577,230",,"$1,577,230",25,MIN,32,301,9.3,0.446,0.157,0.256,5.7,11.7,8.7,3.4,0.8,0.6
100,Serge Ibaka,24,"$20,061,729",Cap space,"$65,000,000",28,TOR,73,2010,14.5,0.569,0.381,0.155,4.3,21.2,12.9,4.4,0.7,3.7
101,Semi Ojeleye,37,"$1,291,892",,"$2,193,857",23,BOS,69,1049,4,0.448,0.689,0.25,3.7,11,7.4,2.4,1,0.2
102,Sean Kilpatrick,62,"$1,524,305",,"$1,524,305",28,CHI,5,111,13.3,0.501,0.456,0.316,0.9,12,6.3,10.3,0.9,1.6
103,Sean Kilpatrick,62,"$1,524,305",,"$1,524,305",28,LAC,4,38,10.5,0.503,0.389,0.111,0,5.7,2.9,12.1,0,0
104,Sean Kilpatrick,62,"$1,524,305",,"$1,524,305",28,MIL,23,205,11.3,0.515,0.561,0.232,0.6,13.7,7.2,10.9,1.2,0.4
105,Sean Kilpatrick,62,"$1,524,305",,"$1,524,305",28,BRK,16,183,5,0.414,0.494,0.218,0.6,20,10.1,12.6,0.5,0.4
106,Sean Kilpatrick,62,"$1,524,305",,"$1,524,305",28,TOT,48,537,9.5,0.475,0.5,0.238,0.6,14.9,7.7,11.5,0.8,0.6
107,Scotty Hopson,62,"$74,159",,$0,28,DAL,1,8,-4.6,0.266,0,2,0,0,0,15.8,0,0
108,Sam Dekker,18,"$1,794,600",1st Round pick,"$4,554,695",23,LAC,69,817,11.1,0.526,0.251,0.222,5.2,15.5,10.4,6,1.3,0.9
109,Salah Mejri,62,"$1,471,382",Minimum Salary,"$1,471,382",31,DAL,61,729,17.8,0.644,0.022,0.482,12.6,25.3,18.8,7.2,1.5,8.2
110,Ryan Arcidiacono,62,$0,,$0,23,CHI,20,208,8.1,0.561,0.76,0.24,0.5,6.9,3.6,14.7,2.6,0
111,Ryan Anderson,21,"$19,578,455",Cap Space,"$61,264,636",29,HOU,66,1725,12.6,0.592,0.706,0.194,6.2,15.4,10.8,5.1,0.7,1
112,Russell Westbrook,4,"$28,530,608",Bird Rights,"$186,912,608",29,OKC,77,2801,25,0.528,0.194,0.339,5.4,25.3,15,49.4,2.5,0.6
113,Rudy Gobert,27,"$21,974,719",1st Round Pick,"$97,000,000",25,UTA,52,1702,20.9,0.659,0,0.682,10.3,27.5,19,6.7,1.2,6.1
114,Rudy Gay,8,"$8,406,000",MLE,"$8,406,000",31,SAS,54,1160,17.8,0.545,0.219,0.268,6.7,19.5,13.1,9.5,1.9,2.6
115,Royce O'Neale,62,"$815,615",Cap space,"$815,615",24,UTA,65,1052,10.4,0.521,0.412,0.267,2.7,20.2,11.5,12.3,1.7,1.2
116,Rondae Hollis-Jefferson,23,"$1,471,382",1st Round pick,"$3,941,739",23,BRK,64,1811,17.3,0.55,0.074,0.436,5.8,19.8,12.7,14.2,1.6,1.7
117,Ron Baker,62,"$4,328,000",Room Exception,"$4,328,000",24,NYK,29,385,9.3,0.504,0.559,0.441,1.4,7.2,4.3,15.5,3.3,1.4
118,Rodney Purvis,62,"$92,160",,$0,23,ORL,12,203,4.1,0.427,0.577,0.127,0,8.2,4.1,7.1,0.7,1.2
119,Rodney McGruder,62,"$1,312,611",Minimum Salary,"$1,312,611",26,MIA,15,258,12.4,0.623,0.484,0.094,3.5,8.3,5.9,6.9,1.6,0.7
120,Rodney Hood,23,"$2,386,864",1st Round Pick,"$2,386,864",25,UTA,39,1084,15.2,0.551,0.475,0.176,1.5,10.1,5.8,10.4,1.4,0.6
121,Rodney Hood,23,"$2,386,864",1st Round Pick,"$2,386,864",25,TOT,58,1576,14.4,0.545,0.447,0.162,1.6,9.8,5.8,9.7,1.4,0.6
122,Rodney Hood,23,"$2,386,864",1st Round Pick,"$2,386,864",25,CLE,19,492,12.6,0.53,0.368,0.121,1.8,9.2,5.6,8.2,1.3,0.9
123,Robin Lopez,15,"$13,788,500",Cap Space,"$28,146,250",29,CHI,64,1690,14.7,0.552,0.022,0.14,8.2,10.2,9.2,12.3,0.4,2.8
124,Robert Covington,62,"$16,698,103",Cap Space,"$63,577,230",27,PHI,76,2408,12.8,0.562,0.656,0.162,2.5,15.3,9.1,8.7,2.6,2.2
125,Ricky Rubio,5,"$14,275,000",1st Round Pick,"$29,250,000",27,UTA,73,2185,15,0.533,0.33,0.307,2.2,15.2,8.8,28.3,2.6,0.4
126,Richaun Holmes,37,"$1,471,382",Cap Space,"$1,471,382",24,PHI,44,668,16.8,0.566,0.144,0.236,8.6,22,15.5,12.8,1.3,3.2
127,Richard Jefferson,13,"$2,500,000",,"$2,500,000",37,DEN,20,163,6.3,0.499,0.259,0.259,1.4,10.4,5.9,12,0.6,0.5
128,Reggie Jackson,24,"$16,000,000",Bird Rights,"$51,130,434",27,DET,41,1084,15.5,0.516,0.294,0.231,2.7,9.3,5.9,32.1,1.1,0.3
129,Reggie Hearn,62,$0,,$0,26,DET,2,3,44.3,1.5,1,0,0,0,0,0,0,0
130,Reggie Bullock,25,"$2,500,000",Cap space,"$2,500,000",26,DET,62,1732,13.6,0.615,0.515,0.09,1.7,8.3,4.9,8.4,1.4,0.7
131,Raymond Felton,5,"$2,328,652",Minimum Salary,"$2,328,652",33,OKC,79,1324,13.2,0.492,0.41,0.08,2,11.1,6.4,22.9,1.8,1
132,Raul Neto,47,"$1,471,382",,"$1,471,382",25,UTA,39,478,12.3,0.554,0.313,0.224,1.7,9.4,5.6,23.2,1.2,0.7
133,Rashad Vaughn,17,"$1,889,040",,"$1,889,040",21,BRK,1,4,4.1,,,,0,0,0,31.8,0,0
134,Rashad Vaughn,17,"$1,889,040",,"$1,889,040",21,MIL,22,173,11.1,0.56,0.7,0.12,1.4,10.2,5.8,9.9,1.2,1.5
135,Rashad Vaughn,17,"$1,889,040",,"$1,889,040",21,TOT,28,212,9.3,0.546,0.661,0.107,1.6,9.9,5.8,8.7,1.2,1.2
136,Rashad Vaughn,17,"$1,889,040",,"$1,889,040",21,ORL,5,35,1.1,0.417,0.333,0,3.1,9.5,6.3,0,1.4,0
137,Ramon Sessions,56,"$2,328,652",,"$2,328,652",31,WAS,14,224,14.2,0.524,0.238,0.651,2.5,7.6,5.1,29.8,1.6,0.4
138,Ramon Sessions,56,"$2,328,652",,"$2,328,652",31,NYK,13,167,6.2,0.403,0.208,0.283,0.7,11.3,6,22,2.1,0.5
139,Ramon Sessions,56,"$2,328,652",,"$2,328,652",31,TOT,27,391,10.8,0.473,0.224,0.483,1.7,9.1,5.5,26.5,1.8,0.4
140,Rajon Rondo,21,"$3,300,000",MLE,"$3,300,000",31,NOP,61,1591,14.9,0.519,0.303,0.094,2,14.4,8.4,41.6,1.8,0.5
141,R.J. Hunter,28,$0,,$0,24,HOU,4,15,-4.4,0,0.75,0,0,7.5,3.8,16.5,3.3,0
142,Quinn Cook,62,"$100,000",,"$100,000",24,GSW,29,597,13.4,0.6,0.41,0.102,1.6,10.1,6.2,16.7,0.9,0.1
143,Quincy Pondexter,26,"$3,853,931",,"$3,853,931",29,CHI,23,196,4,0.398,0.449,0.347,4.2,10.7,7.4,6.3,2,0.9
144,Quincy Acy,37,"$1,709,538",,$0,27,BRK,66,1270,7.5,0.51,0.797,0.173,3.1,17.2,10.1,5.9,1.1,1.6
145,PJ Dozier,62,$0,,$0,21,OKC,2,3,-5,0.5,0,0,0,38.3,18.5,0,0,0
146,Paul Zipser,48,"$1,312,611",Cap Space,"$1,312,611",23,CHI,54,824,5.2,0.444,0.47,0.111,1.6,15.9,8.5,8,1.2,1.6
147,Paul Millsap,47,"$31,269,231",Cap space,"$61,000,000",32,DEN,34,1008,18.2,0.564,0.258,0.36,6.3,18.3,12.3,14.6,1.9,3.3
148,Paul George,10,"$19,508,958",1st Round Pick,"$19,508,958",27,OKC,76,2779,18.4,0.566,0.447,0.3,2.7,15,8.7,14.7,2.8,1.2
149,Pau Gasol,3,"$16,000,000",,"$38,700,000",37,SAS,74,1753,19,0.54,0.189,0.331,7.9,30.3,19,20,0.6,3.7
150,Patty Mills,55,"$10,714,286",Bird Rights,"$48,000,000",29,SAS,79,2018,12.1,0.562,0.606,0.178,1.4,7,4.1,16.1,1.3,0.5
151,Patrick Patterson,14,"$5,192,000",MLE,"$10,643,600",28,OKC,79,1234,9.7,0.545,0.638,0.165,2.7,14.5,8.4,5.8,1.9,1.7
152,Patrick McCaw,38,"$1,312,611",Minimum Salary,"$1,312,611",22,GSW,57,961,7.4,0.477,0.356,0.151,2,7.1,4.8,10.6,2.2,0.8
153,Patrick Beverley,42,"$5,513,514",Bird Rights,"$5,513,514",29,LAC,11,334,12.3,0.53,0.504,0.143,5.4,9.4,7.4,13.8,2.6,1.2
154,Pat Connaughton,41,"$1,471,382",Minimum Salary,"$1,471,382",25,POR,78,1432,9.3,0.535,0.542,0.113,2.6,9,5.8,8.9,0.7,1.2
155,Pascal Siakam,27,"$1,312,611",1st Round pick,"$2,857,562",23,TOR,77,1577,14.9,0.554,0.268,0.178,5.5,18.8,12.2,13.3,1.9,2
156,P.J. Tucker,35,"$7,590,035",MLE,"$26,477,799",32,HOU,78,2170,8.4,0.537,0.692,0.145,4.6,17.4,11,4.6,1.8,0.9
157,Otto Porter,3,"$24,773,250",Bird Rights,"$78,035,739",24,WAS,74,2349,18.4,0.601,0.357,0.145,4.7,18,11.4,10,2.4,1.4
158,Omri Casspi,23,"$2,106,470",Minimum Salary,"$2,106,470",29,GSW,53,740,15.5,0.632,0.106,0.333,4.9,23.9,15.1,9.5,1.2,2
159,Omer Asik,36,"$10,595,505",Bird Rights,"$24,882,021",31,NOP,14,121,4.5,0.423,0,0.75,6.5,26.1,16.6,2,0.4,1.3
160,Okaro White,62,"$1,312,611",,"$1,312,611",25,MIA,6,80,8.9,0.577,0.688,0.188,4.2,11.2,7.7,3.5,0.6,1.1
161,OG Anunoby,23,"$1,645,200",1st Round Pick,"$3,597,960",20,TOR,70,1389,9.5,0.575,0.565,0.183,3.3,9.9,6.6,5.2,1.8,0.6
162,Norman Powell,46,"$1,471,382",Cap Space,"$31,821,110",24,TOR,66,1003,8.4,0.496,0.489,0.11,1.5,10.8,6.2,11.5,1.6,1.2
163,Noah Vonleh,9,"$3,505,233",1st Round Pick,"$3,505,233",22,CHI,21,399,13.9,0.484,0.435,0.196,9.1,30.3,19.3,8,1.6,1.3
164,Noah Vonleh,9,"$3,505,233",1st Round Pick,"$3,505,233",22,TOT,54,875,12.8,0.509,0.282,0.248,8.6,30.1,19.2,5.7,1.1,1.6
165,Noah Vonleh,9,"$3,505,233",1st Round Pick,"$3,505,233",22,POR,33,476,12,0.543,0.063,0.323,8.1,30,19.2,3.8,0.6,1.9
166,Nikola Vucevic,16,"$12,250,000",Bird Rights,"$25,000,000",27,ORL,54,1619,19.7,0.536,0.25,0.115,6.6,27.6,17,19.3,1.6,2.9
167,Nikola Mirotic,23,"$12,500,000",Cap space,"$25,000,000",26,TOT,51,1352,17.8,0.567,0.525,0.21,4.1,24,14.1,8.7,1.4,2.2
168,Nikola Mirotic,23,"$12,500,000",Cap space,"$25,000,000",26,CHI,25,622,22,0.624,0.533,0.262,3,25.1,13.7,11,1.2,1.9
169,Nikola Mirotic,23,"$12,500,000",Cap space,"$25,000,000",26,NOP,26,730,14.1,0.51,0.518,0.16,5.1,23.1,14.4,6.6,1.5,2.5
170,Nikola Jokic,41,"$1,471,382",,"$1,471,382",22,DEN,71,2288,24.4,0.607,0.279,0.317,9.2,27.7,18.4,29.2,1.8,2.1
171,Nik Stauskas,8,"$3,807,146",1st Round Pick,"$3,807,146",24,PHI,6,45,0.9,0.41,0.25,0.5,0,2.3,1.2,2.7,4.3,0
172,Nik Stauskas,8,"$3,807,146",1st Round Pick,"$3,807,146",24,BRK,31,414,10,0.559,0.682,0.155,0.8,13.8,7.2,10.9,0.5,0.5
173,Nik Stauskas,8,"$3,807,146",1st Round Pick,"$3,807,146",24,TOT,37,459,9.1,0.554,0.669,0.165,0.7,12.6,6.6,10.1,0.8,0.5
174,Nigel Hayes,62,"$92,160",,$0,23,LAL,2,11,9.8,0.436,0.667,0.333,0,0,0,24.2,0,0
175,Nigel Hayes,62,"$92,160",,$0,23,TOR,2,6,34.9,1.5,1,0,0,0,0,0,0,0
176,Nigel Hayes,62,"$92,160",,$0,23,TOT,6,60,2.4,0.362,0.611,0.167,1.8,8,4.7,11,0,1.6
177,Nigel Hayes,62,"$92,160",,$0,23,SAC,2,43,-4,0.18,0.538,0.154,2.5,11.1,6.6,9.2,0,2.2
178,Nicolas Brussino,62,"$1,312,611",,"$1,312,611",24,ATL,4,10,-4.6,0,1,0,0,33.5,16.8,0,0,0
179,Nicolas Batum,25,"$22,434,783",Cap Space,"$72,000,000",29,CHO,61,1918,14.3,0.518,0.422,0.204,3,13.8,8.3,26,1.6,1
180,Nick Young,16,"$5,192,000",MLE,"$5,192,000",32,GSW,76,1307,10.1,0.562,0.669,0.123,1.8,7.5,4.8,3.5,1.3,0.4
181,Nick Collison,12,"$2,328,652",Minimum Salary,"$2,328,652",37,OKC,13,72,13.8,0.666,0,0.421,8.9,20.7,14.6,8.6,0,0
182,Nerlens Noel,6,"$4,187,599",1st Round Pick,"$4,187,599",23,DAL,30,472,16.2,0.558,0.01,0.267,11,29.1,19.8,6.3,3.3,4.1
183,Nene Hilario,7,"$3,477,600",Non-Bird Rights,"$10,954,440",35,HOU,50,732,17,0.604,0.009,0.442,8.1,18.5,13.3,9.6,1.8,1.6
184,Nemanja Bjelica,35,"$3,949,999",MLE,"$3,949,999",29,MIN,63,1286,12.9,0.598,0.49,0.13,4.2,19.1,11.6,8.6,1.7,1
185,Naz Mitrou-Long,62,"$92,160",,"$50,000",24,UTA,1,1,134.1,1.5,1,0,0,0,0,0,0,0
186,Nate Wolters,38,"$50,000",,"$50,000",26,UTA,5,19,-2.9,0.167,0,0,6.1,5.9,6,7.1,0,0
187,Myles Turner,11,"$2,569,920",1st round pick,"$5,980,204",21,IND,61,1761,17.6,0.581,0.241,0.333,5.9,20.1,13.1,7.2,1.1,5.7
188,Myke Henry,62,$0,,$0,25,MEM,16,301,8.7,0.464,0.553,0.118,3,8.7,5.8,8.6,3.7,1.6
189,Montrezl Harrell,32,"$1,471,382",,"$1,471,382",24,LAC,72,1190,24.9,0.656,0.012,0.417,9.3,17.1,13.3,9.2,1.3,3.3
190,Monte Morris,51,$0,,$0,22,DEN,3,25,27.1,0.727,0.167,0.333,0,9,4.5,41.1,5.9,0
191,Mirza Teletovic,62,"$10,500,000",,"$21,000,000",32,MIL,10,159,13.5,0.623,0.789,0,2.2,14.8,8.5,9.5,1.3,0.5
192,Mindaugas Kuzminskas,62,"$3,025,035",,"$3,025,035",28,NYK,1,2,-41.1,0,0,0,0,0,0,0,0,0
193,Milton Doyle,62,$0,,$0,24,BRK,7,75,4.5,0.321,0.483,0.172,2.8,14.3,8.5,9.8,2.6,1
194,Milos Teodosic,62,"$6,000,000",MLE,"$6,000,000",30,LAC,45,1134,11.7,0.564,0.644,0.128,1.6,10.5,6.1,26.2,1,0.4
195,Miles Plumlee,26,"$12,500,000",Bird Rights,"$37,500,000",29,ATL,52,888,10.7,0.57,0,0.328,9.6,18.5,14,7.3,0.9,2.9
196,Mike Scott,43,"$1,709,538",Minimum Salary,"$1,709,538",29,WAS,72,1320,13.7,0.608,0.313,0.14,3.7,15.8,9.8,8.9,0.8,0.7
197,Mike Muscala,44,"$5,000,000",Cap space,"$5,000,000",26,ATL,50,984,14.6,0.599,0.526,0.203,6,18.3,12.2,7,1.5,2.3
198,Mike James,62,"$87,552",,"$87,552",27,NOP,4,18,3.5,0.222,0.111,0,6.2,0,3,43.8,2.7,0
199,Mike James,62,"$87,552",,"$87,552",27,PHO,32,669,14.2,0.476,0.311,0.269,1.9,12.6,7.1,29.1,1.9,0.8
200,Mike James,62,"$87,552",,"$87,552",27,TOT,36,687,13.9,0.469,0.305,0.262,2,12.2,7,29.5,2,0.8
201,Mike Conley,4,"$28,530,608",Cap Space,"$113,989,729",30,MEM,12,373,15.5,0.52,0.458,0.393,0,8.6,4.2,22.3,1.6,0.8
202,Michael Kidd-Gilchrist,2,"$13,000,000",1st Round Pick,"$26,000,000",24,CHO,71,1778,12.6,0.534,0.004,0.296,4.9,13.2,9,6,1.3,1.5
203,Michael Carter-Williams,11,"$2,700,000",Bi-annual Exception,"$2,700,000",26,CHO,52,835,10.9,0.446,0.258,0.389,4.7,13.4,8.9,19.5,2.6,2.3
204,Michael Beasley,2,"$2,116,955",Minimum Salary,"$2,116,955",29,NYK,70,1582,17.7,0.557,0.101,0.195,6.3,21.5,13.9,12.4,1,2.2
205,Meyers Leonard,11,"$9,904,495",Cap Space,"$31,786,516",25,POR,30,237,16.8,0.661,0.333,0.139,5.1,24.2,14.8,10.6,1.3,0
206,Maxi Kleber,62,"$815,615",Minimum Salary,"$815,615",26,DAL,69,1155,12.9,0.567,0.407,0.203,6.3,14.8,10.4,6.1,1.1,3.4
207,Maurice Harkless,15,"$10,162,922",Cap Space,"$32,511,235",24,POR,59,1264,12.6,0.596,0.397,0.199,4,9.9,7,6,1.9,2.8
208,Matthew Dellavedova,62,"$9,607,500",Cap Space,"$28,822,500",27,MIL,37,702,8.7,0.506,0.517,0.168,2.2,8.4,5.3,27.3,1,0
209,Matt Williams,62,"$50,000",,"$50,000",24,MIA,3,11,-0.7,0.417,0.833,0,0,10.2,5.1,0,0,0
210,Matt Costello,62,$0,,$0,24,SAS,4,32,9.7,0.5,0,0,3.4,27.9,15.6,8.3,3.2,5.2
211,Mason Plumlee,22,"$14,041,096",Cap space,"$41,000,000",27,DEN,70,1373,16.8,0.582,0.003,0.48,10.3,21,15.6,14.6,1.7,4.7
212,Marvin Williams,2,"$13,168,750",Cap Space,"$27,256,250",31,CHO,75,1941,13.3,0.593,0.537,0.223,3.9,16.4,10,6.7,1.3,1.5
213,MarShon Brooks,25,"$86,119",,$0,29,MEM,3,76,38.1,0.733,0.405,0.31,4.5,4.7,4.6,32.6,3.3,1.2
214,Marshall Plumlee,62,"$100,000",,"$100,000",25,MIL,8,52,10.9,0.697,0,5.333,9.1,29.3,19.3,4.8,0,1.6
215,Marreese Speights,16,"$2,116,955",Minimum Salary,"$2,116,955",30,ORL,50,647,13.9,0.541,0.678,0.158,3.4,18.7,11,9.5,0.5,2.7
216,Marquis Teague,29,"$83,129",,$0,24,MEM,3,74,5.8,0.302,0.25,0.313,1.5,8,4.7,24.9,2.7,0
217,Marquese Chriss,8,"$3,073,800",1st Rd pick,"$6,279,960",20,PHO,71,1501,10.8,0.504,0.401,0.319,5.1,22.8,13.8,8.1,1.6,3.8
218,Markieff Morris,13,"$8,000,000",Bird Rights,"$16,600,000",28,WAS,69,1872,13.3,0.573,0.298,0.181,4.3,19.3,11.8,10.8,1.4,1.8
219,Markelle Fultz,1,"$7,026,240",1st Round Pick,"$15,366,120",19,PHI,10,176,10.3,0.404,0.014,0.233,4.5,10,7.4,27.6,1.6,1.4
220,Markel Brown,44,$0,,$0,26,HOU,4,31,-1.3,0.357,0.714,0,3.7,14.5,9.1,8.7,0,0
221,Mario Hezonja,5,"$4,078,320",1st round pick,"$4,078,320",22,ORL,71,1544,13.6,0.544,0.437,0.162,2.7,16,9.3,9.4,2.4,1.6
222,Mario Chalmers,34,"$2,106,407",Minimum Salary,"$2,106,407",31,MEM,62,1353,10.1,0.5,0.424,0.298,1.1,12,6.4,21.6,2.8,0.8
223,Marcus Smart,6,"$4,538,020",1st Round Pick,"$4,538,020",23,BOS,54,1614,10.8,0.479,0.483,0.258,3,9.8,6.4,23.9,2.2,1.2
224,Marcus Paige,55,$0,,$0,24,CHO,2,15,18.8,0.507,0.375,0.25,0,22.1,10.8,22.1,0,0
225,Marcus Morris,14,"$5,000,000",Bird Rights,"$10,375,000",28,BOS,52,1398,14.8,0.547,0.385,0.255,3.4,18.7,11.2,8,1.2,0.7
226,Marcus Georges-Hunt,62,"$1,312,611",Minimum Salary,"$1,312,611",23,MIN,41,223,6.3,0.498,0.298,0.447,3.6,4.7,4.2,4.1,1.3,0
227,Marco Belinelli,18,"$6,306,060",,"$6,306,060",31,TOT,76,1838,14,0.581,0.508,0.216,1.1,7.1,4.1,11.9,1.6,0.4
228,Marco Belinelli,18,"$6,306,060",,"$6,306,060",31,PHI,24,628,13.6,0.637,0.502,0.197,0.9,5.5,3.3,8.7,1.2,0.8
229,Marco Belinelli,18,"$6,306,060",,"$6,306,060",31,ATL,52,1210,14.1,0.555,0.51,0.225,1.2,7.9,4.6,13.6,1.9,0.2
230,Marcin Gortat,57,"$12,782,609",Bird Rights,"$26,347,827",33,WAS,78,1967,14.9,0.55,0,0.299,9.8,24.1,17,10.8,1,2.6
231,Marc Gasol,48,"$22,642,350",Bird Rights,"$46,761,375",33,MEM,72,2374,17.3,0.531,0.309,0.33,3.6,25.4,14.2,21.5,1.1,4
232,Manu Ginobili,57,"$2,500,000",,"$5,000,000",40,SAS,62,1241,12.4,0.544,0.409,0.285,1.7,10.1,5.9,18.8,1.7,1.1
233,Mangok Mathiang,62,$0,,$0,25,CHO,4,20,18.1,0.538,0,0.143,15.9,38.7,27.1,0,2.4,0
234,Malik Monk,11,"$2,904,480",1st Round Pick,"$6,351,960",19,CHO,60,778,8.5,0.457,0.571,0.071,1.1,8.1,4.5,15.4,1.1,0.9
235,Malik Beasley,19,"$1,700,640",1st Round pick,"$3,474,480",21,DEN,61,581,8.8,0.504,0.458,0.186,2.7,11,6.9,7.4,1.3,1
236,Malcolm Miller,62,$0,,$0,24,TOR,15,126,8.9,0.638,0.75,0.143,3.6,9.6,6.7,3.2,0.4,1.3
237,Malcolm Delaney,62,"$2,500,000",Room Exception,"$2,500,000",28,ATL,54,1014,10.7,0.519,0.435,0.323,1,10,5.5,23.5,1.7,0.5
238,Malcolm Brogdon,36,"$1,312,611",Cap Space,"$1,312,611",25,MIL,46,1404,14.3,0.579,0.319,0.174,1.9,10.8,6.4,16.3,1.5,0.8
239,Malachi Richardson,22,"$1,504,560",1st Round pick,"$3,073,920",22,TOR,1,5,10.5,0.5,0.5,0,0,22.1,11.2,0,0,0
240,Malachi Richardson,22,"$1,504,560",1st Round pick,"$3,073,920",22,SAC,25,319,5.8,0.445,0.443,0.25,1.7,10.5,5.9,5.7,1.6,0.3
241,Malachi Richardson,22,"$1,504,560",1st Round pick,"$3,073,920",22,TOT,26,324,5.9,0.446,0.444,0.244,1.7,10.7,6,5.6,1.6,0.3
242,Luol Deng,7,"$17,190,000",Cap Space,"$54,000,000",32,LAL,1,13,5.5,0.5,0,0,0,0,0,10.1,3.7,0
243,Luke Kornet,62,$0,,$0,22,NYK,16,239,11.5,0.436,0.678,0.044,4.7,18,11.4,11.2,1,4
244,Luke Kennard,12,"$2,759,280",1st Round Pick,"$6,034,560",21,DET,69,1339,11.6,0.55,0.42,0.157,1.6,11.5,6.4,12.4,1.5,0.9
245,Luke Babbitt,16,"$1,974,159",Minimum Salary,"$987,080",28,ATL,37,570,12,0.636,0.661,0.131,1,14.9,7.9,7,0.6,0.8
246,Luke Babbitt,16,"$1,974,159",Minimum Salary,"$987,080",28,TOT,49,708,10.2,0.587,0.72,0.104,1.1,14.1,7.6,6.6,0.6,0.8
247,Luke Babbitt,16,"$1,974,159",Minimum Salary,"$987,080",28,MIA,12,138,2.5,0.384,0.953,0,1.6,10.6,6.1,5,0.4,1.2
248,Luis Montero,62,"$50,000",,"$50,000",24,DET,2,8,-15.5,0,0,0,0,28.2,13.8,0,0,0
249,Lucas Nogueira,16,"$2,947,305",1st Round Pick,"$2,947,305",25,TOR,47,404,17.5,0.661,0.234,0.364,4.8,18.6,11.8,7,2.8,8.3
250,Luc Mbah a Moute,37,"$2,116,955",Minimum Salary,"$2,116,955",31,HOU,58,1507,10.1,0.601,0.506,0.271,1.6,11.8,6.7,5.1,2.1,1.4
251,Lou Williams,45,"$7,000,000",Cap Space,"$23,000,000",31,LAC,77,2527,20.5,0.575,0.391,0.36,1.8,6.7,4.3,26.5,1.6,0.6
252,Lorenzo Brown,52,$0,,$0,27,TOR,13,114,6.6,0.406,0.32,0.08,0,9.7,4.9,13.6,1.7,0
253,Lonzo Ball,2,"$6,286,560",1st Round Pick,"$13,748,520",20,LAL,52,1780,12.5,0.444,0.523,0.126,4.2,17.3,10.8,29,2.4,2
254,London Perrantes,62,$0,,$0,23,CLE,13,33,-1.4,0.205,0.333,0.5,0,6.7,3.4,18.8,0,0
255,LeBron James,1,"$33,285,709",Early Bird,"$33,285,709",33,CLE,78,2898,28.5,0.62,0.254,0.33,3.6,22.3,13.1,44,1.9,2.1
256,Lauri Markkanen,7,"$3,821,640",1st Round Pick,"$8,357,760",20,CHI,65,1949,15.3,0.551,0.466,0.188,3.9,23.6,13.4,6.2,0.9,1.8
257,Larry Nance,27,"$1,471,382",1st Round pick,"$3,743,773",25,TOT,62,1367,20.3,0.613,0.031,0.338,12.3,21.6,17,8.8,3,2.1
258,Larry Nance,27,"$1,471,382",1st Round pick,"$3,743,773",25,LAL,42,922,19.4,0.618,0.016,0.344,12.6,20.2,16.4,9.1,3.1,1.8
259,Larry Nance,27,"$1,471,382",1st Round pick,"$3,743,773",25,CLE,20,445,22,0.605,0.057,0.329,11.8,24.5,18.2,8.2,3,2.9
260,Larry Drew,62,"$148,318",,$0,27,NOP,7,55,6.3,0.441,0.353,0,4.1,0,2,19.1,0,0
261,Larry Drew,62,"$148,318",,$0,27,PHI,3,15,-9.4,0.143,0.429,0,7.5,0,3.6,17.3,0,0
262,Larry Drew,62,"$148,318",,$0,27,TOT,10,70,3,0.354,0.375,0,4.8,0,2.3,18.7,0,0
263,Langston Galloway,62,"$6,666,667",MLE,"$21,000,000",26,DET,54,782,12.3,0.509,0.648,0.112,1.7,10.2,5.8,10.3,1.9,0.6
264,Lance Thomas,62,"$6,655,325",Cap Space,"$13,774,975",29,NYK,70,1302,6.4,0.512,0.476,0.21,3.7,10.5,7.1,4.3,1.1,0.9
265,Lance Stephenson,40,"$4,180,000",Cap space,"$4,180,000",27,IND,78,1747,12.4,0.501,0.321,0.173,3.7,21.2,12.6,18.4,1.2,0.8
266,LaMarcus Aldridge,2,"$21,461,010",Cap Space,"$76,808,025",32,SAS,72,2416,25.2,0.573,0.07,0.303,10.8,17.1,14,11.5,0.8,3
267,Kyrie Irving,1,"$18,868,625",Bird Rights,"$38,967,813",25,BOS,60,1931,25.1,0.61,0.374,0.24,1.9,10.8,6.4,30.9,1.7,0.7
268,Kyle Singler,33,"$4,666,500",Bird Rights,"$9,662,500",29,OKC,12,59,5.9,0.43,0.238,0.619,1.8,17.5,9.4,4.8,0.8,0
269,Kyle O'Quinn,49,"$4,087,500",Bird Rights,"$4,087,500",27,NYK,73,1289,19.4,0.623,0.037,0.339,9,28,18.6,16.9,1.3,6
270,Kyle Lowry,24,"$28,703,704",Bird Rights,"$93,000,000",31,TOR,74,2387,19.6,0.6,0.63,0.283,3.1,16.1,9.7,30.4,1.7,0.5
271,Kyle Kuzma,27,"$1,423,560",1st Round Pick,"$3,113,400",22,LAL,76,2383,14.4,0.551,0.418,0.201,4,17.4,10.7,9.2,1,1.1
272,Kyle Korver,51,"$7,000,000",Bird Rights,"$18,000,000",36,CLE,70,1516,13.5,0.651,0.779,0.149,0.7,10.8,5.8,8,0.9,1.5
273,Kyle Collinsworth,62,"$92,160",,"$142,160",26,DAL,29,409,9.8,0.439,0.185,0.444,7.4,17.9,12.5,15.1,2,1.3
274,Kyle Anderson,30,"$2,151,704",1st Round Pick,"$2,151,704",24,SAS,71,1906,15.7,0.579,0.13,0.326,4.7,17.8,11.2,14.7,2.9,2.5
275,Kristaps Porzingis,4,"$4,503,600",1st round pick,"$10,200,654",22,NYK,48,1553,20.4,0.539,0.256,0.309,4.5,18.1,11.3,6.3,1.1,6.4
276,Kris Dunn,5,"$4,046,760",1st Round pick,"$8,267,760",23,CHI,52,1525,14.5,0.488,0.201,0.173,1.6,14.3,7.8,33.3,3.3,1.6
277,Kosta Koufos,23,"$8,393,000",Cap Space,"$8,393,000",28,SAC,71,1391,17.5,0.566,0,0.19,11.7,27.8,19.3,9.7,1.7,2.2
278,Kobi Simmons,62,$0,,$0,20,MEM,28,523,6.9,0.459,0.172,0.106,2.8,7.3,5,15.5,1.7,0.9
279,Klay Thompson,11,"$17,826,150",1st Round Pick,"$36,814,875",27,GSW,69,2369,16.1,0.601,0.442,0.087,1.4,10.3,6.2,11.5,1.1,1.1
280,Khris Middleton,39,"$14,100,000",Bird Rights,"$27,100,000",26,MIL,78,2857,17.4,0.579,0.327,0.282,1.7,15.2,8.5,17.6,2,0.6
281,Khem Birch,62,"$815,615",Minimum Salary,"$815,615",25,ORL,38,481,14.6,0.543,0,0.388,13.9,19.6,16.7,8.9,1.1,3
282,Kevon Looney,30,"$1,471,382",1st Round pick,"$1,471,382",21,GSW,62,819,14.4,0.581,0.024,0.455,10.9,15.4,13.3,6.1,1.8,4.9
283,Kevin Love,5,"$22,642,350",Bird Rights,"$46,761,375",29,CLE,56,1556,22.4,0.608,0.441,0.367,7.2,30.3,18.9,9.6,1.3,1.3
284,Kevin Durant,2,"$25,000,000",Non-Bird Rights,"$25,000,000",29,GSW,64,2196,26.2,0.643,0.337,0.331,1.7,19.4,11.2,25.3,1,4.2
285,Kentavious Caldwell-Pope,8,"$17,745,894",Cap space,"$17,745,894",24,LAL,70,2377,13.5,0.57,0.523,0.25,2.6,14.4,8.5,9.3,2.1,0.5
286,Kent Bazemore,62,"$16,910,113",Cap Space,"$35,000,000",28,ATL,65,1789,14.5,0.547,0.405,0.297,1.6,13.9,7.7,20.1,2.7,2.2
287,Kenneth Faried,22,"$12,921,348",1st Round Pick,"$26,685,393",28,DEN,32,461,17.4,0.552,0.007,0.345,16.7,20.8,18.7,5.8,1.3,2.4
288,Kemba Walker,9,"$12,000,000",1st Round Pick,"$24,000,000",27,CHO,77,2663,20.7,0.571,0.441,0.307,1.2,8.8,4.9,27.5,1.6,0.8
289,Kelly Oubre,15,"$2,093,040",1st round pick,"$5,301,670",22,WAS,77,2121,12.2,0.539,0.465,0.299,3.1,15.5,9.3,6.4,1.7,1.4
290,Kelly Olynyk,13,"$10,607,169",Cap space,"$33,412,581",26,MIA,73,1720,18,0.615,0.44,0.27,5.6,21.4,13.5,18.8,1.8,1.7
291,Kay Felder,54,"$1,312,611",,"$456,529",22,DET,1,3,-31.6,0,0.5,0,35.9,0,18.4,0,0,0
292,Kay Felder,54,"$1,312,611",,"$456,529",22,CHI,14,134,3.6,0.386,0.273,0.182,0.8,10.8,5.6,23,1.1,0.7
293,Kay Felder,54,"$1,312,611",,"$456,529",22,TOT,15,137,2.9,0.375,0.279,0.176,1.5,10.5,5.9,22.5,1.1,0.6
294,Kawhi Leonard,15,"$18,868,625",Bird Rights,"$38,967,814",26,SAS,9,210,26,0.572,0.315,0.342,3.1,19.1,11.1,17.7,4.3,3.6
295,Karl-Anthony Towns,1,"$6,216,840",1st round pick,"$6,216,840",22,MIN,78,2770,24.8,0.645,0.249,0.351,9.3,30.9,20,10.7,1.1,3.5
296,Kadeem Allen,53,$0,,$0,25,BOS,14,79,-3.1,0.222,0.571,0.286,2.8,6.8,4.9,9.9,1.3,1.1
297,Jusuf Nurkic,16,"$2,947,305",1st Round Pick,"$2,947,305",23,POR,75,1966,19.1,0.529,0.008,0.292,9.6,26.8,18.3,11.6,1.5,4.3
298,Justise Winslow,10,"$2,705,040",1st round pick,"$6,153,966",21,MIA,65,1587,11.5,0.498,0.271,0.208,4.2,20.4,12.3,13,1.6,1.8
299,Justin Patton,16,"$2,247,480",1st Round Pick,"$4,915,080",20,MIN,1,4,19.8,0.5,0,0,0,0,0,0,12.5,0
300,Justin Jackson,15,"$2,365,560",1st Round Pick,"$5,173,440",22,SAC,65,1413,9.8,0.53,0.429,0.09,2.1,12.9,7.2,7.3,1,0.8
301,Justin Holiday,62,"$4,615,385",MLE,"$9,000,001",28,CHI,69,2180,10.9,0.518,0.574,0.211,1.5,12.6,6.8,9.9,1.7,1.3
302,Justin Anderson,21,"$1,579,440",1st Round pick,"$4,095,488",24,PHI,36,485,11.9,0.523,0.486,0.197,4.9,13.9,9.6,7.3,1.4,1
303,Julyan Stone,62,"$1,524,305",Minimum Salary,"$1,524,305",29,CHO,20,106,6.7,0.635,1,0.286,0,24,11.7,19.5,0.9,1.6
304,Julius Randle,7,"$4,149,242",1st Round Pick,"$4,149,242",23,LAL,78,2099,19.8,0.605,0.05,0.468,8.8,22.8,15.8,15.6,0.9,1.7
305,Juan Hernangomez,15,"$2,076,840",1st Round pick,"$4,243,200",22,DEN,24,275,10,0.517,0.662,0.162,7.4,14.7,11.1,5.9,1.1,0.9
306,Jrue Holiday,17,"$25,686,667",Bird Rights,"$104,080,000",27,NOP,77,2788,17.4,0.566,0.288,0.193,2.3,10.9,6.8,24.5,1.9,1.7
307,Josh Smith,17,"$5,400,000",,"$16,200,000",32,NOP,3,12,3.5,0.25,0,0,28.1,8.8,18.1,0,0,0
308,Josh Richardson,40,"$1,471,382",Minimum Salary,"$31,671,382",24,MIA,78,2601,13.7,0.556,0.385,0.159,2.9,8.9,5.9,13.1,2.3,2.4
309,Josh McRoberts,37,"$6,021,175",,"$6,021,175",30,DAL,2,6,-12.5,0,1,0,0,0,0,0,0,0
310,Josh Magette,62,$0,,$0,28,ATL,18,216,11.9,0.464,0.478,0.174,1,8.8,4.9,36.5,1.8,0.4
311,Josh Jackson,4,"$5,090,040",1st Round Pick,"$11,131,560",20,PHO,76,1929,11.8,0.482,0.235,0.296,4.8,14.2,9.4,10.2,1.9,1.4
312,Josh Huestis,29,"$1,471,382",,"$1,471,382",26,OKC,67,979,5.3,0.413,0.628,0.111,4.6,14,9.1,2.7,0.8,4
313,Josh Hart,30,"$1,394,520",1st Round Pick,"$3,049,680",22,LAL,59,1312,11.2,0.579,0.53,0.243,3.1,16,9.6,7.7,1.5,0.9
314,Josh Gray,62,"$92,160",,"$92,160",24,PHO,5,86,7.3,0.349,0.317,0.268,2.4,10.1,6.2,20.8,4.5,1.9
315,Jose Calderon,62,"$2,328,652",Minimum Salary,"$2,328,652",36,CLE,55,888,11.5,0.652,0.517,0.167,1.7,8.3,5,17.8,1.5,0.2
316,Jordan Mickey,33,"$1,471,382",Minimum Salary,"$1,471,382",23,MIA,23,284,10.6,0.515,0.195,0.232,7.1,25.3,16.3,4.8,1.1,3
317,Jordan Crawford,27,"$250,000",,"$250,000",29,NOP,2,37,15.7,0.643,0.357,0,6.1,2.8,4.4,35.7,0,2.2
318,Jordan Clarkson,46,"$11,562,500",Cap Space,"$37,500,000",25,LAL,53,1256,17,0.532,0.315,0.198,3.8,9.7,6.8,22.8,1.5,0.2
319,Jordan Clarkson,46,"$11,562,500",Cap Space,"$37,500,000",25,TOT,77,1819,16.7,0.543,0.337,0.202,3.3,9.2,6.3,19.4,1.5,0.3
320,Jordan Clarkson,46,"$11,562,500",Cap Space,"$37,500,000",25,CLE,24,563,16,0.574,0.394,0.213,2.2,8.2,5.3,11.9,1.4,0.5
321,Jordan Bell,38,"$815,615",Minimum Salary,"$2,193,867",23,GSW,53,774,18.7,0.646,0.017,0.235,9.2,19.2,14.6,17.2,2.1,5.7
322,Jonathon Simmons,62,"$6,300,000",Cap space,"$13,300,000",28,ORL,69,2029,12.8,0.555,0.268,0.317,3.3,9.7,6.5,13.3,1.4,0.6
323,Jonathan Isaac,6,"$4,186,320",1st Round Pick,"$9,155,400",20,ORL,27,536,9.8,0.465,0.317,0.172,3.3,17.2,10.2,4.8,3,4.5
324,Jonas Valanciunas,5,"$15,460,675",1st Round Pick,"$32,000,001",25,TOR,74,1657,22.3,0.625,0.108,0.31,12.2,30.3,21.4,7.6,0.9,3.1
325,Jonas Jerebko,39,"$4,000,000",Cap space,"$4,000,000",30,UTA,70,1069,13,0.573,0.45,0.171,5.5,19.5,12.6,5.9,1.1,0.9
326,Jon Leuer,40,"$10,497,319",Cap Space,"$30,008,043",28,DET,8,136,8.9,0.505,0.083,0.417,5.5,20.7,13,5.3,0.4,2
327,Johnny O'Bryant,36,"$1,524,305",,"$1,524,305",24,CHO,36,379,12,0.47,0.251,0.146,8.1,18.7,13.3,5.9,1.2,1.3
328,Johnathan Motley,62,$0,,$0,22,DAL,8,91,15.6,0.559,0.032,0.677,5.9,26.4,15.9,5.6,0.6,2
329,John Wall,1,"$18,063,850",Bird Rights,"$159,705,650",27,WAS,39,1335,18.5,0.507,0.249,0.358,1.9,9.9,5.9,43.6,1.9,2.7
330,John Holland,62,$0,,$0,29,CLE,22,136,4.8,0.387,0.65,0.15,3.3,12.2,7.8,3.9,2.2,1.3
331,John Henson,14,"$11,422,536",1st Round Pick,"$31,732,398",27,MIL,72,1869,15.8,0.587,0.015,0.318,9.1,21.6,15.4,8.5,1.1,4.8
332,John Collins,19,"$1,936,920",1st Round Pick,"$4,236,000",20,ATL,71,1690,18.4,0.624,0.083,0.34,11.2,23,17.1,8.2,1.2,4
333,Joffrey Lauvergne,55,"$1,524,305",,"$1,524,305",26,SAS,52,523,16.5,0.542,0.027,0.242,13.1,22.8,17.9,11.6,0.9,0.5
334,Joel Embiid,3,"$6,100,266",1st Round Pick,"$6,100,266",23,PHI,63,1912,22.9,0.573,0.203,0.442,8.4,29.8,19.5,18.2,1,4.8
335,Joel Bolomboy,52,"$1,312,611",,"$1,312,611",24,MIL,6,38,11.7,0.521,0.167,1,18.7,12.4,15.5,0,2.6,0
336,Joe Young,43,"$1,471,382",Cap Space,"$1,471,382",25,IND,50,520,10.2,0.522,0.351,0.17,2.4,10.8,6.7,9.8,1.3,0.2
337,Joe Johnson,10,"$9,505,000",,"$9,505,000",36,HOU,19,429,7.3,0.496,0.469,0.159,0.5,13.6,7.1,10.9,0.7,0.2
338,Joe Johnson,10,"$9,505,000",,"$9,505,000",36,UTA,32,700,9,0.492,0.372,0.106,2,15.3,8.7,9.8,0.9,0.7
339,Joe Johnson,10,"$9,505,000",,"$9,505,000",36,TOT,51,1129,8.4,0.494,0.404,0.124,1.4,14.7,8.1,10.2,0.8,0.5
340,Joe Ingles,62,"$14,136,364",Bird Rights,"$50,000,002",30,UTA,78,2461,14.3,0.622,0.652,0.115,1.1,14.1,7.7,22.4,1.8,0.6
341,Joe Harris,33,"$1,524,305",Minimum Salary,"$1,524,305",26,BRK,76,1916,13,0.626,0.576,0.169,2.8,11.3,7,9.6,0.9,0.7
342,Jodie Meeks,41,"$3,290,000",Bi-annual Exception,"$3,290,000",30,WAS,74,1087,12.3,0.545,0.528,0.3,1.6,11.3,6.5,9.1,1.3,0.3
343,Joakim Noah,9,"$17,765,000",Cap Space,"$55,590,000",32,NYK,7,40,15.6,0.51,0,0.4,16.7,22.1,19.4,14,2.5,4.3
344,Jimmy Butler,30,"$19,301,070",Bird Rights,"$39,746,849",28,MIN,56,2077,23.5,0.589,0.22,0.446,4.1,12.9,8.5,20.7,2.6,1
345,Jerryd Bayless,11,"$9,000,000",Cap Space,"$17,575,916",29,PHI,39,925,7.6,0.546,0.557,0.168,1.8,7.3,4.7,8.1,1.2,0.5
346,Jerian Grant,19,"$1,713,840",1st Round pick,"$4,353,154",25,CHI,70,1574,14.5,0.531,0.37,0.387,2,9.6,5.7,30.6,1.8,0.4
347,Jeremy Lin,62,"$12,000,000",Cap Space,"$24,516,746",29,BRK,1,25,16,0.597,0.167,0.583,0,0,0,27.3,0,0
348,Jeremy Lamb,12,"$7,000,000",Rookie scale extension,"$14,488,372",25,CHO,77,1901,17,0.557,0.307,0.255,2.7,15.7,9.1,15.4,1.5,1.4
349,Jeremy Evans,55,"$104,059",10-Day Contract,"$50,000",30,ATL,1,5,10.4,1,0,0,22.4,0,11.2,0,0,0
350,Jerami Grant,39,"$1,524,305",Draft Pick,"$1,524,305",23,OKC,78,1585,15.6,0.596,0.245,0.497,5.7,16.1,10.7,5.1,0.9,4.1
351,Jeff Withey,39,"$1,577,320",,"$350,000",27,DAL,9,39,8.3,0.444,0.625,0.125,2.8,26.4,14.3,0,0,6.8
352,Jeff Teague,19,"$19,000,000",Cap space,"$38,000,000",29,MIN,66,2166,16.1,0.55,0.286,0.303,1.2,9.4,5.3,30.5,2.2,0.9
353,Jeff Green,5,"$2,116,955",Minimum Salary,"$2,116,955",31,CLE,74,1715,14.2,0.571,0.269,0.371,3.8,11.5,7.7,8.1,1.1,1.6
354,Jayson Tatum,3,"$5,645,400",1st Round Pick,"$12,346,200",19,BOS,78,2383,15.1,0.586,0.293,0.308,2.2,15.7,9.1,8.3,1.6,2
355,Jaylen Morris,62,"$92,160",,$0,22,ATL,6,98,6.9,0.452,0.29,0,2.3,16,9.1,10.8,1,0.9
356,Jaylen Brown,3,"$4,956,480",1st Rd pick,"$10,126,440",21,BOS,67,2062,13.3,0.556,0.376,0.287,3.6,14.3,9,8.4,1.6,1
357,Jawun Evans,39,"$815,615",MLE,"$2,193,857",21,LAC,48,778,7.2,0.421,0.213,0.194,1.3,10.4,5.9,17.8,2.2,0.6
358,JaVale McGee,18,"$2,116,955",,"$2,116,955",30,GSW,62,584,21.8,0.634,0.029,0.233,10.8,18.5,14.9,8.1,1.6,7.6
359,Jason Terry,10,"$2,328,652",Minimum Salary,"$2,328,652",40,MIL,47,762,8,0.531,0.746,0.063,0.8,6.5,3.6,9.7,2.4,1.4
360,Jason Smith,20,"$5,225,000",Cap Space,"$5,225,000",31,WAS,31,276,8.2,0.444,0.277,0.17,7.4,13.9,10.7,7.6,0.5,3.8
361,Jarrett Jack,22,"$2,328,652",Minimum Salary,"$2,328,652",34,NYK,58,1483,11.2,0.487,0.193,0.167,1.5,11.9,6.7,31.3,1.2,0.2
362,Jarrett Allen,22,"$1,713,720",1st Round Pick,"$3,747,840",19,BRK,68,1341,17.6,0.634,0.037,0.387,10.9,17.7,14.3,5.6,1,4.1
363,Jarell Martin,25,"$1,471,382",1st Round pick,"$3,887,604",23,MEM,73,1661,10.5,0.516,0.198,0.234,6.6,15.8,11.1,7,1.2,2.8
364,Jarell Eddie,62,"$83,129",,"$83,129",26,BOS,2,6,4,0,1,0,0,18,9.1,0,8.3,0
365,Jarell Eddie,62,"$83,129",,"$83,129",26,TOT,3,9,-1.9,0,1,0,0,12,6.1,0,5.6,0
366,Jarell Eddie,62,"$83,129",,"$83,129",26,CHI,1,3,-13.6,0,1,0,0,0,0,0,0,0
367,Jared Dudley,22,"$10,000,000",Cap Space,"$19,530,000",32,PHO,45,626,8.7,0.554,0.682,0.264,1.3,13.4,7.3,16.2,1.7,1.2
368,JaMychal Green,62,"$8,533,333",Bird Rights,"$16,400,000",27,MEM,55,1542,14,0.53,0.26,0.227,10.8,24.4,17.4,8.3,1.1,1.5
369,Jamil Wilson,62,"$50,000",,"$50,000",27,LAC,15,274,11.4,0.634,0.778,0.049,1.2,11.4,6.4,5.2,0.9,2.4
370,James Young,17,$0,,$0,22,PHI,6,61,4.6,0.511,0.714,0.429,0,3.4,1.8,4.3,0,0
371,James Webb,62,$0,,$0,24,BRK,9,108,2.5,0.333,0.81,0,6.8,14.9,10.8,5,0.5,0
372,James Michael McAdoo,62,"$50,000",,"$50,000",25,PHI,3,18,7.5,0.508,1,0.286,0,11.6,6,0,0,4.6
373,James Johnson,16,"$13,954,000",Cap space,"$43,955,100",30,MIA,70,1873,15.9,0.575,0.308,0.26,3.6,17.2,10.4,22.7,1.9,2.2
374,James Harden,3,"$28,299,399",Bird Rights,"$181,203,253",28,HOU,69,2449,30.2,0.619,0.499,0.498,1.8,15.4,8.6,44.8,2.5,1.7
375,James Ennis,50,"$3,028,410",Room exception,"$3,028,410",27,TOT,68,1540,11.8,0.592,0.391,0.314,5.3,11.1,8.1,6.7,1.5,1.1
376,James Ennis,50,"$3,028,410",Room exception,"$3,028,410",27,MEM,45,1053,11.9,0.61,0.378,0.329,5.7,11.7,8.6,7.1,1.5,1.1
377,James Ennis,50,"$3,028,410",Room exception,"$3,028,410",27,DET,23,487,11.5,0.563,0.411,0.291,4.4,9.7,7,5.8,1.3,1.1
378,Jamel Artis,62,$0,,$0,25,ORL,11,178,9.6,0.514,0.38,0.16,1.2,12.5,6.8,10.7,0.3,0.9
379,Jameer Nelson,20,"$4,736,050",,"$4,736,050",35,DET,7,116,2.6,0.322,0.359,0.077,1.9,5.8,3.8,27.8,1.7,0.8
380,Jameer Nelson,20,"$4,736,050",,"$4,736,050",35,NOP,43,897,8.9,0.52,0.537,0.083,1.4,10,5.8,22.4,1.2,0.3
381,Jameer Nelson,20,"$4,736,050",,"$4,736,050",35,TOT,50,1013,8.2,0.489,0.508,0.082,1.4,9.5,5.6,23,1.3,0.3
382,Jameel Warney,62,"$46,080",,$0,24,DAL,3,27,22.6,0.599,0,0.417,16,21.2,18.5,0,0,0
383,Jamal Murray,7,"$3,355,320",1st Round pick,"$6,855,120",20,DEN,77,2414,16.2,0.577,0.414,0.238,3.6,9.7,6.6,16.3,1.6,0.9
384,Jamal Crawford,8,"$10,942,762",,"$13,246,988",37,MIN,76,1566,13.5,0.527,0.425,0.154,1.3,5.5,3.4,17.1,1.2,0.4
385,Jalen Jones,62,$0,,$0,24,NOP,4,19,5.1,0.512,0.25,0.5,0,16.6,8.6,0,0,0
386,Jalen Jones,62,$0,,$0,24,TOT,14,134,9.5,0.492,0.353,0.216,7.3,18.6,12.8,2.4,0.7,0.7
387,Jalen Jones,62,$0,,$0,24,DAL,10,115,10.2,0.491,0.362,0.191,8.5,18.9,13.5,2.8,0.9,0.8
388,Jakob Poeltl,9,"$2,825,640",1st Round pick,"$5,772,960",22,TOR,78,1429,17,0.648,0.006,0.272,12.4,16.1,14.3,5.6,1.2,5.4
389,Jake Layman,47,"$1,312,611",Cap Space,"$1,312,611",23,POR,33,155,3.8,0.331,0.432,0.068,2.9,7,4.9,8.7,1.9,2.1
390,JaKarr Sampson,62,$0,,$0,24,SAC,19,277,13.2,0.571,0.15,0.217,6.7,19,12.5,4.7,1.5,6.5
391,Jahlil Okafor,3,"$4,995,120",1st round pick,"$4,995,120",22,PHI,2,25,8.8,0.465,0,0.444,17.9,20.8,19.4,5.9,0,6.7
392,Jahlil Okafor,3,"$4,995,120",1st round pick,"$4,995,120",22,BRK,26,328,15.9,0.593,0.031,0.194,5.4,19.3,12.3,6,0.4,3.6
393,Jahlil Okafor,3,"$4,995,120",1st round pick,"$4,995,120",22,TOT,28,353,15.4,0.584,0.029,0.21,6.3,19.4,12.8,5.9,0.4,3.9
394,Jae Crowder,34,"$6,796,117",Bird Rights,"$21,917,475",27,TOT,76,2007,10.3,0.531,0.506,0.226,3.1,11.4,7.3,6.9,1.5,0.8
395,Jae Crowder,34,"$6,796,117",Bird Rights,"$21,917,475",27,CLE,53,1346,10.2,0.545,0.503,0.245,3.5,10.8,7.2,6,1.5,0.8
396,Jae Crowder,34,"$6,796,117",Bird Rights,"$21,917,475",27,UTA,23,661,10.6,0.509,0.51,0.199,2.4,12.6,7.6,8.7,1.4,0.9
397,Jacob Wiley,62,$0,,$0,23,BRK,5,33,8.2,0.41,0.5,0.5,6.3,29.3,17.7,8,1.5,0
398,Jacob Pullen,62,"$50,000",,"$50,000",28,PHI,3,6,-2.3,0.5,0.5,0,0,0,0,0,0,0
399,Jack Cooley,62,$0,,$0,26,SAC,4,43,26,0.581,0,0.333,22.8,27.8,25.2,15,1.2,0
400,Jabari Parker,2,"$6,782,392",1st Round Pick,"$6,782,392",22,MIL,27,621,17.3,0.559,0.254,0.164,5.3,16.4,10.9,13.7,1.6,1.4
401,Jabari Bird,56,$0,,$0,23,BOS,9,37,3.8,0.377,0.5,1.5,6,5.8,5.9,3.5,1.4,0
402,J.R. Smith,18,"$13,760,000",Bird Rights,"$32,350,000",32,CLE,76,2152,8.5,0.534,0.645,0.098,1.5,10,5.8,8.6,1.5,0.4
403,J.J. Redick,11,"$23,000,000",Cap space,"$23,000,000",33,PHI,67,2021,15.6,0.612,0.524,0.244,0.5,8.3,4.5,15.2,0.8,0.2
404,J.J. Barea,62,"$3,903,900",Cap Space,"$7,614,750",33,DAL,69,1603,17.8,0.545,0.454,0.148,1,13.3,7,45.1,1.1,0.2
405,Ivica Zubac,32,"$1,312,611",Cap Space,"$1,312,611",20,LAL,39,336,15.6,0.567,0,0.446,11.2,20.2,15.7,9.1,0.9,2.7
406,Ivan Rabb,35,"$950,000",MLE,"$2,328,242",20,MEM,32,401,15.6,0.599,0,0.22,11.8,23.7,17.6,9.7,1,1.6
407,Ish Smith,62,"$6,000,000",Cap Space,"$12,000,000",29,DET,78,1966,15,0.517,0.115,0.151,1.5,10.8,6.1,28,1.5,0.9
408,Isaiah Whitehead,42,"$1,312,611",Cap Space,"$1,312,611",22,BRK,16,180,11.6,0.53,0.209,0.221,2.3,13.1,7.7,19.7,2.2,0.8
409,Isaiah Thomas,60,"$6,261,395",,"$6,261,395",28,LAL,17,456,12.8,0.52,0.445,0.278,2.4,6,4.2,28.6,0.6,0.2
410,Isaiah Thomas,60,"$6,261,395",,"$6,261,395",28,CLE,15,406,12.3,0.493,0.448,0.351,2,6.5,4.3,25.2,1.1,0.4
411,Isaiah Thomas,60,"$6,261,395",,"$6,261,395",28,TOT,32,862,12.6,0.508,0.447,0.311,2.2,6.3,4.2,27,0.8,0.3
412,Isaiah Taylor,62,"$1,312,611",Minimum Salary,"$1,312,611",23,ATL,64,1086,11.2,0.499,0.195,0.379,2.3,6.8,4.5,27,1.4,0.8
413,Isaiah Hicks,62,$0,,$0,23,NYK,14,169,4.9,0.449,0.174,0.261,6.6,15,10.8,6.5,0.6,1.5
414,Isaiah Canaan,34,"$1,069,308",,"$1,069,308",26,PHO,19,418,13.7,0.543,0.485,0.375,1.5,9.9,5.6,27,1.8,0.2
415,Isaiah Canaan,34,"$1,069,308",,"$1,069,308",26,TOT,20,422,13.5,0.539,0.482,0.372,1.5,10.1,5.7,26.7,1.8,0.2
416,Isaiah Canaan,34,"$1,069,308",,"$1,069,308",26,HOU,1,4,-7.3,0,0,0,0,28,14.1,0,0,0
417,Iman Shumpert,17,"$10,337,079",Bird Rights,"$10,337,079",27,CLE,14,276,6.4,0.48,0.448,0.259,2.9,13.6,8.3,8.1,1.6,1.2
418,Ike Anigbogu,47,"$950,000",Cap space,"$1,640,000",19,IND,10,28,23.2,0.558,0,0.667,20.4,16.1,18.2,0,1.8,9.5
419,Ian Mahinmi,28,"$16,661,641",Cap Space,"$48,055,846",31,WAS,74,1096,12.9,0.614,0.008,0.523,13.7,17,15.4,6.9,1.7,3.2
420,Ian Clark,62,"$1,577,230",Minimum Salary,"$1,577,230",26,NOP,72,1398,9.1,0.525,0.391,0.124,0.8,8.4,4.7,10.1,1.1,0.6
421,Henry Ellenson,18,"$1,780,800",1st Round pick,"$3,638,280",21,DET,34,242,7.7,0.422,0.389,0.148,4,24.2,13.9,10.7,0.6,0
422,Hassan Whiteside,33,"$23,775,506",Cap Space,"$49,209,769",28,MIA,51,1303,24.1,0.578,0.004,0.33,14.2,36.9,25.6,6.8,1.4,5.8
423,Harrison Barnes,7,"$23,112,004",Cap Space,"$47,219,262",25,DAL,75,2561,16,0.542,0.272,0.262,3.2,17.2,10,10,1,0.5
424,Guerschon Yabusele,16,"$2,247,480",1st Round Pick,"$4,915,080",22,BOS,31,182,10.5,0.543,0.689,0.378,9.2,15.4,12.4,11.1,0.6,0.9
425,Greg Monroe,7,"$17,884,176",,"$17,884,176",27,TOT,47,951,20.2,0.586,0,0.303,11.8,25.2,18.4,16.8,2,1.7
426,Greg Monroe,7,"$17,884,176",,"$17,884,176",27,BOS,22,407,21,0.552,0,0.345,12.9,23.9,18.5,16.3,2.7,2.9
427,Greg Monroe,7,"$17,884,176",,"$17,884,176",27,PHO,20,465,21,0.642,0,0.297,11.3,25.8,18.4,18.3,1.6,1
428,Greg Monroe,7,"$17,884,176",,"$17,884,176",27,MIL,5,79,11.1,0.489,0,0.121,9,28.2,18.7,10.2,0,0
429,Gorgui Dieng,21,"$14,112,360",1st Round Pick,"$62,800,000",28,MIN,75,1281,14.2,0.536,0.147,0.266,8.8,22.2,15.4,7.6,1.7,2.5
430,Gordon Hayward,9,"$29,727,900",Cap space,"$93,642,885",27,BOS,1,5,7.4,0.5,0.5,0,0,21.6,11,0,0,0
431,Goran Dragic,45,"$17,000,450",Bird Rights,"$35,109,625",31,MIA,73,2324,16.8,0.544,0.281,0.255,2.6,12,7.3,25.4,1.3,0.4
432,Glenn Robinson,40,"$1,524,305",,$0,24,IND,19,241,8.9,0.443,0.322,0.119,3.8,8.4,6.1,7.2,2.3,0.4
433,Giannis Antetokounmpo,15,"$22,471,910",1st Round Pick,"$100,000,000",23,MIL,73,2698,27.7,0.603,0.099,0.465,6.8,25.1,16,23.7,1.9,3.3
434,Gian Clavell,62,"$50,000",,"$50,000",24,DAL,7,64,7.4,0.53,0.833,0.111,1.7,10.7,6.1,6.7,1.6,0
435,Gerald Green,18,"$947,248",Minimum Salary,"$947,248",32,HOU,37,825,14,0.558,0.721,0.146,1.9,14,8,4.4,1.4,1.3
436,Georgios Papagiannis,13,"$2,301,360",,"$4,701,840",20,SAC,16,118,10.7,0.415,0,0,11.1,24.3,17.4,11.5,0.9,4.8
437,Georges Niang,50,"$100,000",,"$100,000",24,UTA,7,18,15,0.394,0.375,0.25,12.8,18.8,15.8,26.7,5.6,0
438,George Hill,26,"$20,000,000",Cap space,"$40,000,000",31,TOT,65,1783,13.2,0.581,0.399,0.273,2.6,8.9,5.7,14.9,1.6,1.3
439,George Hill,26,"$20,000,000",Cap space,"$40,000,000",31,SAC,43,1143,14,0.597,0.393,0.304,2.1,9.9,5.8,15.5,1.7,1
440,George Hill,26,"$20,000,000",Cap space,"$40,000,000",31,CLE,22,640,12,0.55,0.411,0.217,3.6,7.1,5.3,13.8,1.4,1.9
441,Gary Payton,62,"$50,000",,"$50,000",25,LAL,7,43,7.8,0.357,0.214,0,10,4.9,7.4,12.8,0,3.8
442,Gary Payton,62,"$50,000",,"$50,000",25,TOT,19,149,7.6,0.414,0.319,0.064,6.1,11.7,8.9,12.4,1,1.7
443,Gary Payton,62,"$50,000",,"$50,000",25,MIL,12,106,7.6,0.437,0.364,0.091,4.5,14.4,9.5,12.2,1.4,0.8
444,Gary Harris,19,"$2,550,055",1st Round Pick,"$76,550,055",23,DEN,65,2265,16.6,0.599,0.436,0.175,1.8,6.8,4.3,13.1,2.6,0.6
445,Garrett Temple,62,"$8,000,000",Cap Space,"$8,000,000",31,SAC,65,1615,10.2,0.536,0.477,0.164,1.5,9.6,5.4,11.2,1.8,1.6
446,Furkan Korkmaz,26,"$1,465,920",1st Round Pick,"$3,205,920",20,PHI,12,69,6.5,0.446,0.625,0.167,3.3,13.6,8.6,6,1.4,1.2
447,Fred VanVleet,62,"$1,312,611",,$0,23,TOR,73,1478,16.2,0.562,0.478,0.184,1.9,11.7,6.9,22.6,2.2,1
448,Frank Ntilikina,8,"$3,501,120",1st Round Pick,"$7,656,840",19,NYK,74,1566,6.5,0.429,0.313,0.15,2.3,9.2,5.8,19.8,1.9,0.9
449,Frank Mason,34,"$1,184,385",,"$2,562,627",23,SAC,51,972,13.1,0.479,0.224,0.301,3.4,12.1,7.5,22.8,1.8,1
450,Frank Kaminsky,9,"$2,847,600",1st round pick,"$6,475,442",24,CHO,76,1755,14,0.542,0.38,0.281,2.7,14.4,8.4,10.8,1,0.9
451,Evan Turner,2,"$17,131,148",Cap Space,"$53,606,557",29,POR,75,1910,9.9,0.519,0.224,0.195,1.7,11.5,6.6,12.4,1,1.1
452,Evan Fournier,20,"$17,000,000",Cap Space,"$51,000,000",25,ORL,57,1837,15.6,0.577,0.418,0.216,1.4,9.5,5.4,14.8,1.3,0.7
453,E'Twaun Moore,55,"$8,445,024",Cap Space,"$25,918,637",28,NOP,78,2468,11.9,0.587,0.364,0.079,2.5,7.5,5.1,10,1.5,0.4
454,Ersan Ilyasova,36,"$6,000,000",,"$6,000,000",30,TOT,65,1627,14.5,0.555,0.414,0.216,7.6,17.5,12.6,7.6,1.7,1.2
455,Ersan Ilyasova,36,"$6,000,000",,"$6,000,000",30,ATL,46,1175,15.1,0.569,0.424,0.224,7,16.8,11.9,6.8,1.8,1.2
456,Ersan Ilyasova,36,"$6,000,000",,"$6,000,000",30,PHI,19,452,13.1,0.523,0.391,0.195,8.9,19.3,14.3,9.5,1.5,1.1
457,Erik McCree,62,$0,,$0,24,UTA,4,8,-8.9,0,0.5,0,0,14.1,7.1,0,6.3,0
458,Eric Moreland,62,"$1,739,333",MLE,"$1,739,333",26,DET,63,715,13,0.511,0,0.26,11,27.4,19,13.5,1.7,5.7
459,Eric Gordon,7,"$12,943,020",Cap Space,"$40,501,125",29,HOU,68,2127,15.3,0.58,0.623,0.251,1.3,7.6,4.5,11.6,1,1.1
460,Eric Bledsoe,18,"$14,500,000",Bird Rights,"$29,500,000",28,MIL,67,2126,19.6,0.58,0.366,0.316,2.5,11.8,7.2,25.2,3.2,1.5
461,Eric Bledsoe,18,"$14,500,000",Bird Rights,"$29,500,000",28,TOT,70,2209,19.3,0.577,0.364,0.318,2.6,11.5,7.1,24.9,3.2,1.5
462,Eric Bledsoe,18,"$14,500,000",Bird Rights,"$29,500,000",28,PHO,3,83,13,0.509,0.325,0.35,3.8,5.3,4.5,17.9,2.3,1.9
463,Enes Kanter,3,"$20,566,802",Bird Rights,"$20,566,802",25,NYK,71,1830,24,0.63,0.003,0.258,16.6,30.6,23.7,9.5,1,1.8
464,Emmanuel Mudiay,7,"$3,381,480",1st round pick,"$7,675,960",21,NYK,21,485,10.6,0.432,0.223,0.252,2.3,10.7,6.5,25.4,2,1.3
465,Emmanuel Mudiay,7,"$3,381,480",1st round pick,"$7,675,960",21,DEN,42,752,12.3,0.504,0.317,0.242,2.4,11.7,7,24,1.4,0.4
466,Emmanuel Mudiay,7,"$3,381,480",1st round pick,"$7,675,960",21,TOT,63,1237,11.6,0.476,0.281,0.246,2.4,11.3,6.8,24.6,1.6,0.8
467,Emeka Okafor,2,"$239,204",,"$239,204",35,NOP,24,341,16.3,0.538,0,0.228,15.2,21.9,18.7,2.8,1.1,5.8
468,Elfrid Payton,10,"$3,332,340",1st Round Pick,"$3,332,340",23,TOT,63,1808,16.6,0.538,0.138,0.252,3.8,12.8,8.3,34.9,2.2,1
469,Elfrid Payton,10,"$3,332,340",1st Round Pick,"$3,332,340",23,ORL,44,1257,18.1,0.564,0.146,0.249,4.1,11.2,7.6,35.4,2.5,1
470,Elfrid Payton,10,"$3,332,340",1st Round Pick,"$3,332,340",23,PHO,19,551,13.1,0.481,0.12,0.258,3.2,16.4,9.7,33.9,1.7,0.9
471,Ekpe Udoh,6,"$3,200,000",Room Exception,"$3,200,000",30,UTA,59,783,15.3,0.566,0.009,0.487,9.4,11.4,10.4,9.1,2.7,7.8
472,Ed Davis,13,"$6,352,531",Cap Space,"$6,352,531",28,POR,76,1439,15.8,0.61,0.003,0.387,13.9,28.6,21.3,4,1.1,2.9
473,Dwyane Wade,5,"$15,550,000",,"$15,550,000",36,CLE,46,1069,15.9,0.519,0.161,0.308,4.1,14.6,9.5,23.3,1.9,2.6
474,Dwyane Wade,5,"$15,550,000",,"$15,550,000",36,TOT,64,1476,15.5,0.506,0.163,0.281,3.8,14.7,9.3,23.7,1.9,2.6
475,Dwyane Wade,5,"$15,550,000",,"$15,550,000",36,MIA,18,407,14.4,0.48,0.167,0.227,2.8,14.9,8.9,24.8,2,2.7
476,Dwight Powell,45,"$9,003,125",Cap Space,"$18,634,375",26,DAL,76,1587,18.7,0.661,0.173,0.43,8.9,21.1,14.8,8.1,2,1.7
477,Dwight Howard,1,"$23,500,000",Cap Space,"$47,319,725",32,CHO,78,2384,20.5,0.578,0.008,0.642,10.9,33.4,21.9,7.1,1,4.5
478,Dwight Buycks,62,"$748,160",Two-Way Converted,"$748,160",28,DET,29,427,12.8,0.498,0.227,0.207,3,7.7,5.3,22.4,2.2,0.4
479,Dwayne Bacon,40,"$815,615",MLE,"$2,193,857",22,CHO,53,713,5.8,0.431,0.224,0.13,0.6,18.6,9.4,7.6,1.1,0.2
480,Draymond Green,35,"$16,400,000",Bird Rights,"$52,408,695",27,GSW,66,2171,16.4,0.555,0.409,0.28,4.1,21.1,13.2,29.1,2,3.2
481,Dragan Bender,4,"$4,468,800",1st Round pick,"$9,130,080",20,PHO,79,1957,6.6,0.512,0.666,0.105,1.9,16.2,8.9,9,0.5,2.1
482,Doug McDermott,11,"$3,294,994",1st Round Pick,"$3,294,994",26,DAL,24,552,11.7,0.613,0.425,0.168,1.4,11.6,6.3,7.9,0.8,0.5
483,Doug McDermott,11,"$3,294,994",1st Round Pick,"$3,294,994",26,NYK,55,1172,9.9,0.562,0.418,0.162,3.1,9.5,6.3,6,0.4,0.9
484,Doug McDermott,11,"$3,294,994",1st Round Pick,"$3,294,994",26,TOT,79,1724,10.5,0.579,0.42,0.164,2.6,10.2,6.3,6.6,0.5,0.8
485,Dorian Finney-Smith,62,"$1,312,611",Minimum Salary,"$1,312,611",24,DAL,18,344,6.3,0.468,0.595,0.155,5,13,8.9,7,1,1
486,Donovan Mitchell,13,"$2,621,280",1st Round Pick,"$5,732,760",21,UTA,75,2512,16.5,0.541,0.407,0.209,2.2,10.1,6.2,19.2,2.2,0.9
487,Domantas Sabonis,11,"$2,550,000",1st Round pick,"$5,209,800",21,IND,70,1711,17.3,0.57,0.054,0.346,10.5,25.3,18,12.6,1,1.5
488,Dirk Nowitzki,9,"$5,000,000",Cap space,"$5,000,000",39,DAL,77,1900,16.7,0.575,0.445,0.142,1.3,25.1,12.8,10.4,1.1,2.1
489,Dion Waiters,4,"$11,000,000",Cap space,"$47,300,000",26,MIA,30,918,10.5,0.487,0.415,0.168,1,8.5,4.7,19.8,1.3,0.8
490,Dillon Brooks,45,"$815,615",MLE,"$2,193,857",22,MEM,78,2220,9.1,0.526,0.343,0.187,2.3,10.1,6.1,8.4,1.5,0.7
491,Deyonta Davis,31,"$1,312,611",Cap Space,"$2,857,562",21,MEM,58,841,16.7,0.624,0,0.23,9,21.7,15.2,7.3,0.8,3.9
492,Dewayne Dedmon,62,"$6,000,000",Cap space,"$6,000,000",28,ATL,59,1458,15.7,0.599,0.301,0.166,7.4,28.1,17.8,9.2,1.3,2.7
493,Devin Harris,5,"$4,402,546",Cap Space,"$4,402,546",34,DAL,44,807,13.5,0.56,0.44,0.394,1.2,10.8,5.9,16.4,2.1,0.9
494,Devin Harris,5,"$4,402,546",Cap Space,"$4,402,546",34,TOT,67,1272,12.8,0.561,0.493,0.384,1,9.8,5.3,16.7,1.8,0.8
495,Devin Harris,5,"$4,402,546",Cap Space,"$4,402,546",34,DEN,23,465,11.6,0.563,0.6,0.364,0.7,8,4.4,17.3,1.5,0.7
496,Devin Booker,13,"$2,319,360",1st round pick,"$5,633,725",21,PHO,54,1865,18.1,0.561,0.364,0.312,1.5,12.7,7,24.5,1.2,0.6
497,Derrick Williams,2,"$104,059",,$0,26,LAL,2,9,-3.2,0.25,0.5,0,0,11.8,5.9,0,0,0
498,Derrick White,29,"$1,404,600",1st Round Pick,"$3,071,760",23,SAS,17,139,15.9,0.646,0.394,0.606,4,16.9,10.4,9.3,1.5,1.8
499,Derrick Walton,62,$0,,$0,22,MIA,16,147,11.3,0.525,0.68,0.24,1.5,10.7,6.1,14.6,2.4,1.7
500,Derrick Rose,1,"$2,116,955",,"$2,116,955",29,MIN,5,58,16,0.481,0.091,0.091,5.9,2,4,23.3,1.7,0
501,Derrick Rose,1,"$2,116,955",,"$2,116,955",29,CLE,16,308,11.6,0.523,0.182,0.311,3.7,6.8,5.3,13,0.5,1.1
502,Derrick Rose,1,"$2,116,955",,"$2,116,955",29,TOT,21,366,12.3,0.515,0.164,0.267,4,6,5.1,14.6,0.7,0.9
503,Derrick Jones,62,"$1,312,611",,$0,20,MIA,13,212,9,0.465,0.333,0.375,10.1,8,9,4,0.7,3.6
504,Derrick Jones,62,"$1,312,611",,$0,20,TOT,19,245,10.3,0.488,0.346,0.462,9.6,7.8,8.7,5.1,0.8,4.4
505,Derrick Jones,62,"$1,312,611",,$0,20,PHO,6,33,18.4,0.678,0.5,1.5,6.4,6.6,6.5,12.3,1.5,9.8
506,Derrick Favors,3,"$12,000,000",1st Round Pick,"$12,000,000",26,UTA,73,2044,18.8,0.594,0.084,0.319,10.6,18.4,14.5,8,1.3,3.2
507,Denzel Valentine,14,"$2,186,400",1st Round pick,"$4,467,000",24,CHI,77,2095,12.1,0.527,0.513,0.071,2.4,18.3,10,17.8,1.5,0.5
508,Dennis Smith,9,"$3,218,280",1st Round Pick,"$7,038,240",20,DAL,67,1978,12.8,0.475,0.333,0.189,2.6,11.8,7.1,29,1.7,0.7
509,Dennis Schroder,17,"$15,500,000",1st Round Pick,"$62,000,000",24,ATL,67,2078,17.3,0.515,0.229,0.231,2.4,8.8,5.6,36.4,1.7,0.2
510,Demetrius Jackson,45,"$92,858",,"$650,000",23,PHI,3,17,24.6,0.82,0.25,0.5,6.6,0,3.2,35.5,2.8,0
511,Demetrius Jackson,45,"$92,858",,"$650,000",23,TOT,15,80,5.4,0.424,0.389,0.111,7.1,9.8,8.4,15.9,3.1,1.1
512,Demetrius Jackson,45,"$92,858",,"$650,000",23,HOU,12,63,0.2,0.286,0.429,0,7.2,12.5,9.9,10.7,3.1,1.3
513,DeMarre Carroll,27,"$14,800,000",Cap Space,"$30,200,000",31,BRK,73,2180,14.3,0.55,0.498,0.313,5,18.4,11.7,10.6,1.3,1
514,DeMarcus Cousins,5,"$18,063,850",1st Round Pick,"$18,063,850",27,NOP,48,1737,22.7,0.583,0.34,0.456,6.8,31,19.3,23.2,2.2,3.5
515,DeMar DeRozan,9,"$27,739,975",Cap Space,"$83,219,925",28,TOR,77,2616,21.3,0.558,0.202,0.399,2.4,10.4,6.5,24.8,1.6,0.6
516,Delon Wright,20,"$1,645,200",1st Round pick,"$4,182,098",25,TOR,65,1339,16.8,0.577,0.342,0.261,3.8,11.5,7.7,19.8,2.5,2
517,Dejounte Murray,29,"$1,312,611",1st Round pick,"$2,857,562",21,SAS,78,1669,14.9,0.484,0.057,0.228,7,22.6,14.7,20.5,2.8,1.4
518,DeAndre Liggins,53,"$1,577,230",,$0,29,TOT,55,711,6.2,0.485,0.52,0.049,1.2,10.8,6.1,8.1,2.6,1.7
519,DeAndre Liggins,53,"$1,577,230",,$0,29,MIL,31,480,5,0.424,0.554,0.077,1.2,10.8,6,7.3,2.8,1.8
520,DeAndre Liggins,53,"$1,577,230",,$0,29,NOP,24,231,8.7,0.595,0.459,0,1,10.9,6.1,9.8,2.1,1.4
521,DeAndre Jordan,35,"$22,642,350",Bird Rights,"$22,642,350",29,LAC,73,2321,20.2,0.651,0,0.541,15,37.6,26.5,7.1,0.8,2.5
522,DeAndre' Bembry,21,"$1,567,200",1st Round pick,"$3,201,840",23,ATL,23,395,6.2,0.467,0.239,0.248,2.3,15.8,9.1,14.1,1.9,2.2
523,De'Aaron Fox,5,"$4,609,200",1st Round Pick,"$10,017,120",20,SAC,70,1928,11.2,0.477,0.188,0.242,1.6,9.7,5.5,24.5,1.8,1
524,Davon Reed,32,"$815,615",Minimum Salary,"$1,504,736",22,PHO,18,195,5.2,0.386,0.492,0.169,1.1,16.8,8.8,6.5,2.5,0.8
525,Davis Bertans,42,"$1,312,611",Minimum Salary,"$1,312,611",25,SAS,74,1067,14.2,0.587,0.691,0.136,1.9,13.9,7.8,10.4,1.2,2.2
526,David West,18,"$2,328,652",Minimum Salary,"$2,328,652",37,GSW,69,947,21.4,0.609,0.022,0.209,7.7,18.5,13.5,20.4,2.3,6
527,David Stockton,62,"$148,318",,$0,26,UTA,2,6,31.4,0.931,1,2,0,0,0,0,0,0
528,David Nwaba,62,"$1,312,611",Minimum Salary,"$1,312,611",25,CHI,66,1529,12.8,0.561,0.121,0.532,5.4,16.2,10.6,9.4,1.8,1.7
529,Darrun Hilliard,38,$0,,$0,24,SAS,14,95,3.4,0.362,0.316,0.368,0,8.2,4.1,15.3,1.1,0
530,Darren Collison,21,"$10,000,000",Cap space,"$12,000,000",30,IND,65,1929,18.9,0.613,0.327,0.235,2.1,7.6,4.9,26.3,2.3,0.7
531,Darrell Arthur,27,"$7,464,912",Cap Space,"$7,464,912",29,DEN,19,141,8.4,0.559,0.489,0.064,2.4,9.6,6,9.3,2.8,1.8
532,Darius Miller,46,"$2,100,000",MLE,"$2,100,000",27,NOP,78,1847,9.4,0.619,0.746,0.131,1,7.9,4.6,7.7,0.6,0.7
533,Dario Saric,12,"$2,422,560",1st Round pick,"$4,949,400",23,PHI,74,2229,16.1,0.587,0.447,0.239,7.5,16.7,12.3,13,1.1,0.7
534,Danuel House,62,$0,,$0,24,PHO,20,283,12.8,0.542,0.467,0.267,4.1,17.7,10.8,8.5,1,1.1
535,Dante Exum,5,"$4,992,385",1st Round Pick,"$4,992,385",22,UTA,10,148,21.9,0.63,0.203,0.356,1.6,11.4,6.5,32.9,2,0.6
536,Dante Cunningham,33,"$2,300,000",MLE,"$2,300,000",30,TOT,70,1499,9.7,0.542,0.474,0.149,5.1,14.5,9.9,4.1,1.2,1.4
537,Dante Cunningham,33,"$2,300,000",MLE,"$2,300,000",30,NOP,51,1115,8.5,0.525,0.48,0.16,5,13.5,9.4,3,1.2,1.1
538,Dante Cunningham,33,"$2,300,000",MLE,"$2,300,000",30,BRK,19,384,13.2,0.574,0.462,0.128,5.5,17.4,11.3,7.3,1.4,1.9
539,Danny Green,46,"$10,000,000",Bird Rights,"$10,000,000",30,SAS,67,1742,11.5,0.51,0.572,0.114,2.6,12.9,7.7,9,1.7,3.8
540,Danilo Gallinari,6,"$20,559,599",Sign and Trade,"$64,762,737",29,LAC,21,671,13.9,0.545,0.434,0.34,1.5,14.8,8.3,8.9,0.9,1.2
541,Daniel Theis,62,"$815,615",Minimum Salary,"$815,615",25,BOS,63,936,16.2,0.616,0.249,0.348,10.7,21.2,16.1,9.1,1.6,4.3
542,Daniel Hamilton,56,$0,,$0,22,OKC,5,26,19.6,0.545,0.455,0,0,22.1,10.7,42.6,1.9,0
543,D'Angelo Russell,2,"$5,562,360",1st round pick,"$12,582,058",21,BRK,44,1124,15.5,0.506,0.398,0.209,2.7,14.2,8.4,35.6,1.4,1.1
544,Damyean Dotson,44,"$1,100,000",Minimum Salary,"$2,478,242",23,NYK,40,356,8.9,0.489,0.409,0.13,2.2,15.2,8.7,9.2,1,0.2
545,Damion Lee,62,"$92,160",,$0,25,ATL,12,321,12.9,0.496,0.387,0.21,3.1,15.7,9.4,11.7,2.6,0.3
546,Damien Wilkins,62,"$2,116,955",,"$25,000",38,IND,19,152,4.9,0.405,0.462,0.103,3.8,8.1,6,7.8,0.7,0.6
547,Damian Lillard,6,"$26,153,057",1st Round Pick,"$115,560,020",27,POR,70,2558,25.1,0.594,0.444,0.383,2.6,10.9,6.8,30.9,1.5,0.9
548,Damian Jones,30,"$1,312,611",1st Round pick,"$2,857,562",22,GSW,11,54,10.7,0.765,0,0.4,9,11.6,10.4,0,0,2.9
549,Dakari Johnson,48,"$815,615",,"$2,193,857",22,OKC,29,159,16.6,0.575,0,0.513,10.8,13,11.8,7.3,1.9,4.6
550,D.J. Wilson,17,"$2,135,040",1st Round Pick,"$4,669,320",21,MIL,21,69,9.1,0.638,0.357,0.143,1.7,13.6,7.7,6.2,1.4,1.2
551,D.J. Augustin,9,"$7,250,000",Cap Space,"$21,750,000",30,ORL,71,1679,15.4,0.613,0.512,0.359,1.9,8.3,5.1,24.1,1.5,0
552,Cristiano Felicio,62,"$7,843,500",Cap space,"$32,000,000",25,CHI,51,856,12.3,0.619,0.005,0.346,8.8,16.7,12.6,8.6,0.6,1.1
553,Courtney Lee,22,"$11,747,890",Cap Space,"$36,761,340",32,NYK,73,2226,12.9,0.56,0.366,0.171,1.4,9.1,5.3,11.4,1.8,0.6
554,Cory Joseph,29,"$7,630,000",Cap Space,"$7,630,000",26,IND,78,2108,11.2,0.505,0.315,0.161,2.1,11.6,6.9,15.9,1.8,0.7
555,Corey Brewer,7,"$7,579,366",,"$7,579,366",31,OKC,15,427,14.7,0.573,0.449,0.297,4,9.7,6.7,7,3.7,1.3
556,Corey Brewer,7,"$7,579,366",,"$7,579,366",31,TOT,69,1121,11.1,0.535,0.331,0.297,3.7,10.3,7,7.7,3.2,1.1
557,Corey Brewer,7,"$7,579,366",,"$7,579,366",31,LAL,54,694,8.9,0.509,0.25,0.297,3.6,10.7,7.2,8.1,2.8,0.9
558,Cole Aldrich,11,"$7,300,000",Cap Space,"$9,356,021",29,MIN,19,46,5.2,0.34,0,0.4,7.5,25.4,16.4,5.9,2.2,1.9
559,Cody Zeller,4,"$12,584,270",1st Round Pick,"$56,000,000",25,CHO,33,627,16,0.602,0.019,0.545,11.3,19.4,15.3,7.4,1.1,2.8
560,Clint Capela,25,"$2,334,520",1st Round Pick,"$2,334,520",23,HOU,71,1955,24.6,0.65,0.002,0.383,13.5,31,22.3,5.8,1.4,5.8
561,Chris Paul,4,"$24,599,495",Bird Rights,"$24,599,495",32,HOU,55,1753,24.3,0.601,0.475,0.288,2.3,17,9.7,40.7,2.6,0.7
562,Chris McCullough,29,"$1,471,382",1st Round pick,"$1,471,382",22,WAS,19,90,15.8,0.478,0.19,0.333,8.9,22.6,15.7,7.1,0,4.8
563,Chris Boucher,62,$0,,$0,25,GSW,1,1,-28.5,0,1,0,0,100,55.9,0,0,0
564,Cheick Diallo,33,"$1,312,611",Minimum Salary,"$1,812,611",21,NOP,48,538,17.4,0.619,0,0.365,8.8,29.7,19.6,4.8,0.9,2.8
565,Charles Cooke,62,$0,,$0,23,NOP,11,34,-3.4,0.233,0.583,0.167,0,6.2,3.2,3.6,1.4,0
566,Channing Frye,8,"$7,420,912",Cap Space,"$7,420,912",34,TOT,50,643,14.2,0.626,0.544,0.078,1.9,19.8,11,7.5,1.3,1.8
567,Channing Frye,8,"$7,420,912",Cap Space,"$7,420,912",34,CLE,44,545,13.9,0.604,0.533,0.089,2.1,20.2,11.3,7.5,1.5,1.9
568,Channing Frye,8,"$7,420,912",Cap Space,"$7,420,912",34,LAL,6,98,15.5,0.792,0.625,0,1.1,17.3,9.3,7.4,0,1.7
569,Chandler Parsons,38,"$23,112,004",Cap Space,"$72,321,773",29,MEM,36,691,13.7,0.578,0.517,0.115,2.3,13.1,7.5,16.5,1.3,1.5
570,Cedi Osman,62,"$2,642,857",MLE,"$8,325,000",22,CLE,57,584,10.9,0.605,0.442,0.227,2.7,17,10,6.8,1.6,0.4
571,Carmelo Anthony,3,"$26,243,760",Bird Rights,"$26,243,760",33,OKC,75,2413,12.7,0.502,0.404,0.162,2.9,17.8,10.1,6.4,0.9,1.8
572,Caris LeVert,20,"$1,632,480",1st Round pick,"$3,335,280",23,BRK,68,1781,14.2,0.523,0.335,0.258,3.1,12.1,7.6,26,2,0.9
573,Cameron Payne,14,"$2,203,440",1st round pick,"$5,466,735",23,CHI,21,476,14,0.494,0.429,0.079,3.3,9.5,6.3,28.9,2.2,1.7
574,Caleb Swanigan,26,"$1,465,920",1st Round Pick,"$3,205,920",20,POR,24,165,7.1,0.41,0.148,0.241,10.1,20.3,15.2,12.2,1.5,1.5
575,C.J. Williams,62,$0,,$0,27,LAC,34,626,9.6,0.531,0.414,0.095,2,6.4,4.2,7.1,2.2,1.7
576,C.J. Miles,34,"$7,936,509",MLE,"$16,269,842",30,TOR,66,1251,13.2,0.55,0.764,0.154,1.6,10.9,6.3,5.7,1.4,1.2
577,C.J. McCollum,10,"$23,962,573",1st Round Pick,"$106,633,450",26,POR,77,2780,17.4,0.544,0.319,0.168,1.9,9.9,5.9,16,1.3,1
578,Buddy Hield,6,"$3,675,480",1st Round pick,"$7,509,240",24,SAC,77,1930,16,0.558,0.442,0.09,2.8,15.1,8.7,12.3,2,1
579,Bryn Forbes,62,"$1,312,611",Minimum Salary,"$1,312,611",24,SAS,77,1462,9.1,0.523,0.457,0.141,0.8,7.3,4.1,8.1,0.9,0.1
580,Bruno Caboclo,20,"$2,451,225",1st Round Pick,"$2,451,225",22,TOR,2,7,-0.1,0,1,0,0,15.8,8,16.7,7,0
581,Bruno Caboclo,20,"$2,451,225",1st Round Pick,"$2,451,225",22,SAC,9,92,9.2,0.424,0.536,0.214,8.3,15.6,11.8,6.1,1.1,4.1
582,Bruno Caboclo,20,"$2,451,225",1st Round Pick,"$2,451,225",22,TOT,11,99,8.5,0.398,0.567,0.2,7.7,15.6,11.5,6.9,1.5,3.8
583,Brook Lopez,10,"$22,642,350",Bird Rights,"$22,642,350",29,LAL,70,1657,16.6,0.558,0.408,0.201,4.7,13.1,8.9,11.7,0.9,4.7
584,Brice Johnson,25,"$1,331,160",,"$1,331,160",23,LAC,9,38,21.3,0.673,0.091,0.182,5.9,31.2,18.8,4,7.7,4.4
585,Brice Johnson,25,"$1,331,160",,"$1,331,160",23,TOT,18,98,18.2,0.486,0.024,0.119,10.4,25.4,17.9,3.4,4.5,5.5
586,Brice Johnson,25,"$1,331,160",,"$1,331,160",23,MEM,9,60,16.2,0.418,0,0.097,13.2,21.8,17.4,3.1,2.5,6.3
587,Briante Weber,62,"$83,129",,$0,25,TOT,18,237,10.1,0.527,0.256,0.233,3.8,13.1,8.4,13.1,3.8,1.9
588,Briante Weber,62,"$83,129",,$0,25,HOU,13,118,11.1,0.547,0.409,0.182,2.9,14.3,8.6,15.1,4.2,2.2
589,Briante Weber,62,"$83,129",,$0,25,MEM,5,119,9.2,0.508,0.095,0.286,4.8,12,8.3,11.2,3.4,1.6
590,Brandon Paul,62,"$815,615",Minimum Salary,"$815,615",26,SAS,61,558,7.2,0.493,0.43,0.339,1.2,12.2,6.7,9.2,2.3,1
591,Brandon Jennings,10,"$238,020",,$0,28,MIL,11,156,14,0.51,0.52,0.18,2.3,13.5,7.9,30.3,1.6,2.2
592,Brandon Ingram,2,"$5,519,400",1st Round pick,"$11,276,520",20,LAL,59,1975,13.9,0.536,0.138,0.371,3.1,13.8,8.5,17.6,1.1,1.8
593,Brandan Wright,8,"$5,179,760",,"$5,179,760",30,MEM,27,366,19.4,0.595,0,0.333,9.9,19.8,14.7,5.9,1.8,6.4
594,Brandan Wright,8,"$5,179,760",,"$5,179,760",30,TOT,28,381,19,0.596,0,0.324,9.8,19.3,14.4,5.6,1.7,6.4
595,Brandan Wright,8,"$5,179,760",,"$5,179,760",30,HOU,1,15,11.2,0.667,0,0,7.6,7.5,7.5,0,0,5.7
596,Bradley Beal,3,"$23,775,506",Cap Space,"$105,054,563",24,WAS,78,2819,18.7,0.566,0.357,0.245,2.3,11.4,6.9,21.2,1.7,1.1
597,Bojan Bogdanovic,31,"$10,500,000",Cap space,"$12,000,000",28,IND,77,2386,13.8,0.603,0.454,0.244,1.4,10.9,6.2,7.1,1.1,0.3
598,Bogdan Bogdanovic,27,"$9,470,614",Cap space,"$27,000,000",25,SAC,75,2089,13.8,0.564,0.426,0.161,1.5,10.7,5.9,18.3,1.7,0.7
599,Bobby Portis,22,"$1,516,320",1st Round pick,"$4,010,666",22,CHI,69,1553,20,0.548,0.28,0.199,10.3,22.3,16.1,13.6,1.5,1.1
600,Bobby Brown,62,"$1,524,305",,$0,33,HOU,20,115,5.4,0.425,0.69,0.034,0,6.8,3.4,14.9,1.7,0
601,Boban Marjanovic,62,"$7,000,000",Cap Space,"$14,000,000",29,TOT,35,286,25.1,0.611,0,0.621,13.9,29.8,21.7,12.5,1.5,3.3
602,Boban Marjanovic,62,"$7,000,000",Cap Space,"$14,000,000",29,LAC,16,115,30.3,0.635,0,0.711,20.4,32.9,26.7,9.7,2.1,3.6
603,Boban Marjanovic,62,"$7,000,000",Cap Space,"$14,000,000",29,DET,19,171,21.6,0.597,0,0.57,9.5,27.7,18.4,14.4,1.2,3.1
604,Blake Griffin,1,"$29,512,900",Bird Rights,"$132,217,792",28,TOT,58,1970,19.6,0.544,0.323,0.331,4.1,19.8,11.9,28.1,1,0.8
605,Blake Griffin,1,"$29,512,900",Bird Rights,"$132,217,792",28,LAC,33,1139,20.5,0.553,0.324,0.379,4.5,20.5,12.6,25.6,1.3,0.7
606,Blake Griffin,1,"$29,512,900",Bird Rights,"$132,217,792",28,DET,25,831,18.5,0.531,0.323,0.266,3.5,18.9,11,31.6,0.7,1
607,Bismack Biyombo,7,"$17,000,000",Cap Space,"$34,000,000",25,ORL,78,1428,13.9,0.556,0.003,0.455,10.7,23.9,17.3,6.4,0.7,5
608,Ben Simmons,1,"$6,168,840",1st Round pick,"$12,603,360",21,PHI,77,2614,19.8,0.555,0.012,0.335,5.9,19.3,12.8,37.4,2.4,2.1
609,Ben Moore,62,$0,,$0,22,IND,2,9,-2.3,,,,0,12.5,6.3,13.1,0,0
610,Ben McLemore,7,"$5,200,000",MLE,"$10,660,000",24,MEM,52,968,9.2,0.517,0.424,0.166,3.6,11.4,7.4,7.5,1.9,1.4
611,Bam Adebayo,14,"$2,490,360",1st Round Pick,"$5,446,200",20,MIA,66,1324,15.6,0.564,0.021,0.526,9.7,21.7,15.7,11.2,1.2,2.6
612,Avery Bradley,19,"$8,808,989",Bird Rights,"$8,808,989",27,LAC,6,165,9,0.492,0.164,0.036,2,12.4,7.3,9.8,1.5,0.5
613,Avery Bradley,19,"$8,808,989",Bird Rights,"$8,808,989",27,DET,40,1268,9.7,0.497,0.34,0.14,1.6,6.7,4.1,10.5,1.8,0.5
614,Avery Bradley,19,"$8,808,989",Bird Rights,"$8,808,989",27,TOT,46,1433,9.7,0.496,0.325,0.131,1.7,7.3,4.5,10.4,1.8,0.5
615,Austin Rivers,10,"$11,825,000",Cap Space,"$11,825,000",25,LAC,58,1965,12.9,0.531,0.445,0.193,1.5,6.3,4,17.1,1.8,0.7
616,Arron Afflalo,27,"$2,328,652",Minimum Salary,"$2,328,652",32,ORL,51,657,5.5,0.508,0.425,0.17,0.7,10.5,5.5,6.2,0.3,1.1
617,Aron Baynes,62,"$4,328,000",Room Exception,"$4,328,000",31,BOS,77,1402,11.7,0.506,0.037,0.187,9.1,22.3,15.8,9.4,0.7,2.8
618,Antonius Cleveland,62,"$92,160",,$0,23,TOT,14,93,5.4,0.402,0.125,0.375,2.3,12.2,7.2,2.9,3.2,4.8
619,Antonius Cleveland,62,"$92,160",,$0,23,DAL,13,81,5.1,0.317,0.071,0.286,2.7,11.3,6.9,3.3,3.7,4.4
620,Antonius Cleveland,62,"$92,160",,$0,23,ATL,1,12,7.3,0.868,0.5,1,0,18.6,9.3,0,0,7.2
621,Antonio Blakeney,62,$0,,$0,21,CHI,19,314,10.1,0.471,0.364,0.273,1.3,10.2,5.6,10.1,1.1,0.3
622,Anthony Tolliver,62,"$3,290,000",Bi-annual Exception,"$3,290,000",32,DET,75,1624,13.5,0.652,0.777,0.278,3.1,12.6,7.7,7.5,0.9,1.1
623,Anthony Davis,1,"$23,775,506",1st Round Pick,"$76,302,788",24,NOP,71,2582,28.9,0.615,0.113,0.406,7.8,24.9,16.6,10.8,2,5.5
624,Anthony Brown,34,$0,,$0,25,MIN,1,4,41.9,1.5,1,0,0,0,0,41.7,0,0
625,Ante Zizic,23,"$1,645,200",1st Round Pick,"$3,597,960",21,CLE,30,186,23.2,0.737,0,0.351,13.5,18.4,16,4.4,0.3,6
626,Andrew Wiggins,1,"$7,574,322",1st Round Pick,"$154,024,322",22,MIN,78,2832,13.2,0.509,0.26,0.244,3,10.7,6.8,8,1.5,1.5
627,Andrew White,62,$0,,$0,24,ATL,15,209,5.8,0.461,0.671,0.055,2.1,16,9.1,4.3,0.7,0.4
628,Andrew Harrison,44,"$1,312,611",Cap Space,"$1,312,611",23,MEM,56,1326,12.7,0.534,0.331,0.371,2,9.7,5.7,21.4,1.5,1.8
629,Andrew Bogut,1,"$2,328,652",,$0,33,LAL,23,216,10.9,0.696,0,0.08,12.9,25.5,19.3,9.1,0.9,4.9
630,Andre Roberson,26,"$9,259,259",Bird Rights,"$30,000,000",26,OKC,39,1037,10.9,0.543,0.222,0.235,7.7,12.2,9.9,6,2.2,3.1
631,Andre Iguodala,9,"$14,814,815",Bird Rights,"$48,000,000",34,GSW,63,1601,11.3,0.539,0.36,0.277,3.8,12.5,8.5,16,1.6,1.9
632,Andre Drummond,9,"$23,775,506",Cap Space,"$76,302,788",24,DET,76,2541,23,0.556,0.011,0.453,16.5,36.6,26.3,14.3,2.2,4.3
633,Amir Johnson,56,"$11,000,000",Cap space,"$11,000,000",30,PHI,70,1094,14.2,0.563,0.123,0.353,11.7,18.3,15.1,13.3,1.9,3.3
634,Allen Crabbe,31,"$19,332,500",Cap Space,"$37,832,500",25,BRK,71,2085,11.1,0.54,0.634,0.155,1.3,14.3,7.7,7.9,1,1.1
635,Alfonzo McKinnie,62,"$815,615",Minimum Salary,"$815,615",25,TOR,13,49,9.2,0.663,0.615,0.231,0,13.5,6.9,2.9,1,1.6
636,Al-Farouq Aminu,8,"$7,319,035",Cap Space,"$14,276,140",27,POR,65,1950,12.4,0.529,0.586,0.144,5.1,22.3,13.8,5.8,1.9,1.5
637,Alex Poythress,62,"$778,668",Two-Way Converted,"$778,668",24,IND,24,101,8.5,0.52,0.44,0,7.9,11.1,9.5,2.7,1.5,0.9
638,Alex Len,5,"$4,187,599",1st Round Pick,"$4,187,599",24,PHO,66,1324,19.4,0.615,0.003,0.638,13.4,27.2,20.1,8.5,1,3.7
639,Alex Caruso,62,$0,,$0,23,LAL,33,476,8.1,0.517,0.36,0.247,2.3,8.7,5.5,17.7,1.9,1.7
640,Alex Abrines,32,"$5,725,000",Cap Space,"$11,180,236",24,OKC,73,1095,9.1,0.573,0.755,0.145,2.3,8.8,5.5,3.4,1.6,0.7
641,Alec Peters,54,$0,,$0,22,PHO,17,175,5.1,0.375,0.833,0.125,4.2,11.8,7.9,7.9,0.3,0.9
642,Alec Burks,12,"$10,845,506",1st Round Pick,"$22,382,021",26,UTA,62,1030,13.1,0.526,0.335,0.31,2,18.4,10.3,9.8,1.8,0.7
643,Alan Williams,62,"$6,000,000",Cap space,"$6,000,000",25,PHO,5,70,9.3,0.455,0,0.5,4.5,29.6,16.8,16.4,3.4,1.2
644,Al Jefferson,15,"$9,769,821",Cap Space,"$13,769,821",33,IND,34,462,19.9,0.557,0.005,0.163,7.4,25.3,16.4,10.1,1.7,4.4
645,Al Horford,3,"$27,734,405",Cap Space,"$56,663,115",31,BOS,70,2219,17.5,0.577,0.301,0.153,4.8,20.1,12.6,23.9,0.9,2.9
646,Adreian Payne,15,$0,,$0,26,ORL,5,43,18.8,0.831,0.3,0.6,5.1,18.1,11.5,0,2.3,0
647,Abdel Nader,58,"$1,167,333",,"$1,617,333",24,BOS,44,463,5.7,0.464,0.477,0.269,2.4,12.1,7.3,7.2,1.4,1.6
648,Aaron Harrison,62,"$83,129",,$0,23,DAL,7,164,6.6,0.411,0.644,0.244,1.3,12.6,6.8,8.6,2.1,1.1
649,Aaron Gordon,4,"$5,504,420",1st Round Pick,"$5,504,420",22,ORL,55,1838,16.6,0.531,0.393,0.263,5.2,21.8,13.4,11.7,1.4,1.9
650,Aaron Brooks,26,"$2,116,955",,"$2,116,955",33,MIN,31,188,10.1,0.508,0.449,0.159,4.3,6.2,5.2,15.2,1.6,0
